"","sofifa_id","player_url","short_name","age","height_cm","weight_kg","nationality","club","overall","potential","value_eur","wage_eur","player_positions","preferred_foot","weak_foot","skill_moves","work_rate","release_clause_eur","player_tags","team_position","team_jersey_number","loaned_from","joined","contract_valid_until","pace","shooting","passing","dribbling","defending","physic","gk_diving","gk_handling","gk_kicking","gk_reflexes","gk_speed","gk_positioning","player_traits","attacking_crossing","attacking_finishing","attacking_heading_accuracy","attacking_short_passing","attacking_volleys","skill_dribbling","skill_curve","skill_fk_accuracy","skill_long_passing","skill_ball_control","movement_acceleration","movement_sprint_speed","movement_agility","movement_reactions","movement_balance","power_shot_power","power_jumping","power_stamina","power_strength","power_long_shots","mentality_aggression","mentality_interceptions","mentality_positioning","mentality_vision","mentality_penalties","mentality_composure","defending_marking","defending_standing_tackle","defending_sliding_tackle","goalkeeping_diving","goalkeeping_handling","goalkeeping_kicking","goalkeeping_positioning","goalkeeping_reflexes"
"1",233049,"https://sofifa.com/player/233049/jadon-sancho/20/159586","J. Sancho",19,180,76,"England","Borussia Dortmund",84,92,44500000,61000,"RM, LM","Right",4,5,"Medium/Low",82300000,"#Dribbler, #Acrobat","RM",7,"","2017-08-31",2022,88,72,77,90,36,60,NA,NA,NA,NA,NA,NA,"Beat Offside Trap, Selfish, Speed Dribbler (CPU AI Only), Crowd Favourite",78,78,37,83,80,92,81,48,59,88,89,87,91,84,90,68,51,77,59,62,43,29,78,83,57,80,32,45,34,7,11,10,11,13
"2",226271,"https://sofifa.com/player/226271/fabian-ruiz-pena/20/159586","Fabián",23,189,70,"Spain","Napoli",83,90,36000000,76000,"CM, CDM, CAM","Left",4,4,"Medium/Medium",68400000,"","LCM",8,"","2018-07-05",2023,65,78,78,83,74,69,NA,NA,NA,NA,NA,NA,"Argues with Officials",72,79,67,81,67,85,75,59,81,85,68,63,72,83,66,75,46,73,69,83,68,77,82,84,67,77,70,78,75,16,11,7,13,13
"3",234906,"https://sofifa.com/player/234906/houssem-aouar/20/159586","H. Aouar",21,175,70,"France","Olympique Lyonnais",81,89,26000000,59000,"CM","Right",3,4,"High/Medium",54600000,"","LCM",8,"","2016-07-01",2023,79,71,79,83,66,67,NA,NA,NA,NA,NA,NA,"Beat Offside Trap, Selfish, Finesse Shot, Speed Dribbler (CPU AI Only), Crowd Favourite",68,74,59,84,68,84,78,64,79,84,78,79,81,79,82,64,62,79,61,71,70,68,76,84,63,82,69,64,63,14,6,11,7,10
"4",235569,"https://sofifa.com/player/235569/tanguy-ndombele/20/159586","T. Ndombele",22,181,76,"France","Tottenham Hotspur",81,89,26000000,87000,"CM, CDM","Right",3,4,"Medium/Medium",53300000,"#Dribbler","LDM",28,"","2019-07-02",2024,80,65,78,87,70,78,NA,NA,NA,NA,NA,NA,"Selfish, Crowd Favourite",67,59,56,84,59,88,67,58,79,86,84,76,83,84,86,80,63,80,78,65,81,75,70,83,60,87,68,74,69,8,10,13,8,7
"5",224232,"https://sofifa.com/player/224232/nicolo-barella/20/159586","N. Barella",22,175,68,"Italy","Inter",80,88,21500000,60000,"CM, CAM","Right",3,3,"Medium/High",NA,"","RCM",81,"Cagliari","",2020,76,66,78,80,74,69,NA,NA,NA,NA,NA,NA,"",76,63,40,82,53,80,73,67,78,82,78,74,75,79,83,72,58,83,58,66,82,79,73,76,73,80,75,80,76,11,5,13,14,11
"6",216393,"https://sofifa.com/player/216393/youri-tielemans/20/159586","Y. Tielemans",22,176,72,"Belgium","Leicester City",80,87,20500000,76000,"CM, CDM","Right",5,4,"Medium/Medium",43100000,"","RCM",8,"","2019-07-08",2023,63,78,82,78,68,67,NA,NA,NA,NA,NA,NA,"Leadership, Argues with Officials, Finesse Shot",82,73,59,84,78,78,85,75,81,81,65,61,69,75,77,86,63,72,63,84,70,69,79,82,72,83,66,73,68,6,8,10,14,12
"7",234153,"https://sofifa.com/player/234153/carlos-soler-barragan/20/159586","Carlos Soler",22,180,76,"Spain","Valencia CF",80,87,21000000,36000,"RM, CM","Right",4,3,"Medium/Medium",48300000,"","RM",8,"","2015-07-01",2021,77,74,81,78,62,68,NA,NA,NA,NA,NA,NA,"Dives Into Tackles (CPU AI Only)",81,74,56,84,66,78,69,82,78,80,75,78,74,80,72,77,57,74,68,73,65,68,76,83,73,76,60,65,56,6,14,7,13,11
"8",225193,"https://sofifa.com/player/225193/mikel-merino-zazon/20/159586","Merino",23,186,83,"Spain","Real Sociedad",79,87,18500000,29000,"CM, CDM, LM","Left",3,3,"Medium/Medium",42600000,"","LCM",8,"","2018-07-12",2023,69,73,77,80,71,74,NA,NA,NA,NA,NA,NA,"Selfish",70,74,75,82,58,81,75,69,74,83,70,68,76,75,57,79,66,74,76,75,73,78,70,80,58,73,65,74,65,9,12,9,13,14
"9",228092,"https://sofifa.com/player/228092/sander-berge/20/159586","S. Berge",21,195,94,"Norway","KRC Genk",79,87,17000000,14000,"CDM, CM","Right",3,3,"Medium/High",28900000,"#Aerial Threat, #Strength","LCM",25,"","2017-01-02",2021,74,49,74,74,76,85,NA,NA,NA,NA,NA,NA,"Power Free-Kick",65,34,79,82,48,77,68,50,79,79,71,76,58,75,45,75,73,87,91,55,72,77,65,72,46,83,75,77,67,14,9,10,8,10
"10",228251,"https://sofifa.com/player/228251/lorenzo-pellegrini/20/159586","L. Pellegrini",23,186,77,"Italy","Roma",79,87,18500000,41000,"CM, CAM, CDM","Right",3,3,"High/Medium",35200000,"","RDM",7,"","2017-07-01",2022,74,68,79,76,72,69,NA,NA,NA,NA,NA,NA,"",74,60,71,84,69,77,70,69,80,80,75,74,68,73,70,76,66,74,66,74,71,70,75,80,67,79,70,74,72,12,7,10,13,11
"11",244260,"https://sofifa.com/player/244260/daniel-olmo-carvajal/20/159586","Dani Olmo",21,179,72,"Spain","Dinamo Zagreb",79,87,18500000,1000,"CAM, LM, CM","Right",4,4,"High/Medium",44400000,"","LCM",7,"","2014-07-31",2021,80,76,76,82,48,61,NA,NA,NA,NA,NA,NA,"Selfish, Argues with Officials, Crowd Favourite",77,75,43,76,76,82,72,75,77,83,78,82,80,73,89,79,55,78,54,76,60,57,80,77,62,82,43,50,44,15,15,13,12,11
"12",213160,"https://sofifa.com/player/213160/roman-zobnin/20/159586","R. Zobnin",25,182,75,"Russia","Spartak Moscow",79,86,16000000,1000,"CDM, CM, LM","Right",3,4,"High/High",38400000,"#Engine","RDM",47,"","2016-07-01",2021,76,64,75,80,78,73,NA,NA,NA,NA,NA,NA,"",69,65,70,81,55,82,65,65,79,82,74,78,70,79,65,65,63,90,66,67,70,75,64,72,57,77,81,79,76,10,8,13,15,9
"13",230938,"https://sofifa.com/player/230938/franck-yannick-kessie/20/159586","F. Kessié",22,183,76,"Ivory Coast","Milan",79,86,17500000,38000,"CM","Right",4,3,"High/High",33300000,"#Engine","RCM",79,"","2019-07-01",2022,72,72,72,77,78,88,NA,NA,NA,NA,NA,NA,"Diver",66,64,68,79,60,78,58,48,75,79,69,74,68,78,79,84,79,95,87,76,86,80,76,71,82,76,80,78,74,9,11,12,12,10
"14",235945,"https://sofifa.com/player/235945/marc-roca-junque/20/159586","Marc Roca",22,184,74,"Spain","RCD Espanyol",79,86,16000000,26000,"CDM, CM","Left",3,3,"Medium/High",36800000,"","RCM",21,"","2015-07-01",2022,61,62,77,73,73,68,NA,NA,NA,NA,NA,NA,"Leadership",66,59,42,83,44,72,66,52,84,79,59,62,67,77,63,66,57,73,66,69,69,77,60,80,55,74,78,76,74,12,11,11,10,8
"15",244369,"https://sofifa.com/player/244369/viktor-tsygankov/20/159586","V. Tsygankov",21,177,69,"Ukraine","Dynamo Kyiv",79,86,18000000,1000,"RM, LM","Left",4,4,"High/Medium",43200000,"","RM",15,"","2015-01-01",2023,83,73,77,80,47,56,NA,NA,NA,NA,NA,NA,"Selfish, Finesse Shot, Crowd Favourite",76,75,45,80,68,80,69,73,69,81,82,84,80,78,73,70,50,74,47,73,57,39,75,80,71,78,66,36,37,9,7,15,6,12
"16",234378,"https://sofifa.com/player/234378/declan-rice/20/159586","D. Rice",20,185,80,"England","West Ham United",78,87,15000000,49000,"CDM, CB, CM","Right",3,2,"Medium/High",31500000,"","CDM",41,"","2016-06-29",2024,62,37,64,68,77,77,NA,NA,NA,NA,NA,NA,"",39,31,69,79,33,67,35,32,74,74,60,63,53,74,58,46,73,78,76,42,78,77,52,70,30,76,78,79,78,8,11,14,5,9
"17",229261,"https://sofifa.com/player/229261/denis-zakaria/20/159586","D. Zakaria",22,191,80,"Switzerland","Borussia Mönchengladbach",78,86,15000000,26000,"CM, CDM","Right",3,3,"Medium/Medium",28500000,"","RCM",8,"","2017-07-01",2022,82,63,75,76,79,82,NA,NA,NA,NA,NA,NA,"",68,66,66,81,35,76,64,46,79,80,76,86,66,75,64,71,65,78,83,61,88,80,63,76,38,74,82,81,77,12,12,7,13,11
"18",234045,"https://sofifa.com/player/234045/henry-onyekuru/20/159586","H. Onyekuru",22,175,59,"Nigeria","AS Monaco",78,86,15500000,35000,"LM, ST","Right",4,4,"High/Low",32600000,"#Speedster, #Acrobat","LM",7,"","2019-08-12",2024,90,74,67,82,34,56,NA,NA,NA,NA,NA,NA,"Injury Free, Early Crosser, Speed Dribbler (CPU AI Only), Crowd Favourite",69,78,57,70,69,84,70,45,63,78,91,90,90,72,82,71,91,75,44,73,53,18,77,67,65,70,37,38,25,12,9,9,6,11
"19",234612,"https://sofifa.com/player/234612/jonathan-ikone/20/159586","J. Ikoné",21,175,73,"France","LOSC Lille",78,86,15500000,29000,"CAM","Left",4,4,"High/Medium",32600000,"#Acrobat","RM",10,"","2018-07-02",2023,89,70,72,82,33,60,NA,NA,NA,NA,NA,NA,"Selfish, Finesse Shot, Crowd Favourite",68,70,39,73,57,81,78,72,65,80,90,89,92,78,79,75,36,74,53,68,65,27,75,79,66,79,32,36,36,9,8,13,8,14
"20",235889,"https://sofifa.com/player/235889/cengiz-under/20/159586","C. Ünder",21,173,66,"Turkey","Roma",78,86,15500000,35000,"RW, RM","Left",4,3,"Medium/Medium",29500000,"","RM",17,"","2017-07-17",2023,82,75,74,82,37,50,NA,NA,NA,NA,NA,NA,"Beat Offside Trap, Argues with Officials, Crowd Favourite",83,71,58,72,69,83,80,68,65,82,85,79,84,71,82,82,48,67,51,82,27,29,73,73,64,68,43,33,30,9,13,7,9,8
"21",225085,"https://sofifa.com/player/225085/jonathan-bamba/20/159586","J. Bamba",23,175,72,"France","LOSC Lille",78,85,14500000,35000,"LM","Right",3,4,"High/High",30500000,"","LM",14,"","2018-07-02",2023,89,75,69,82,36,62,NA,NA,NA,NA,NA,NA,"Injury Free, Selfish, Argues with Officials, Early Crosser",66,76,61,70,68,83,75,64,65,82,90,88,82,75,80,78,72,73,56,72,62,32,78,73,70,74,28,37,38,15,14,15,8,9
"22",231521,"https://sofifa.com/player/231521/exequiel-palacios/20/159586","E. Palacios",20,177,66,"Argentina","River Plate",77,87,14000000,18000,"CM, RM, CAM","Right",4,4,"High/High",22400000,"#Engine","LDM",15,"","2015-11-08",2021,77,73,73,77,68,74,NA,NA,NA,NA,NA,NA,"Leadership, Argues with Officials, Finesse Shot",69,71,63,77,60,77,68,47,75,78,75,78,79,74,78,80,73,87,68,78,75,68,73,75,63,78,66,71,69,10,5,8,9,6
"23",232099,"https://sofifa.com/player/232099/marko-grujic/20/159586","M. Grujić",23,191,86,"Serbia","Hertha BSC",77,87,13000000,22000,"CDM, CM","Right",3,3,"Medium/Medium",NA,"","RCM",15,"Liverpool","",2020,62,71,72,78,74,77,NA,NA,NA,NA,NA,NA,"Argues with Officials",62,73,79,79,62,81,62,51,75,80,59,64,69,77,56,76,79,74,77,67,78,73,75,77,57,83,73,75,74,9,14,8,12,13
"24",228819,"https://sofifa.com/player/228819/matias-vargas/20/159586","M. Vargas",22,168,66,"Argentina","RCD Espanyol",77,86,13500000,27000,"LW, CAM, LM","Right",4,4,"High/Medium",31100000,"#Speedster","LM",22,"","2019-07-14",2024,90,70,72,82,42,67,NA,NA,NA,NA,NA,NA,"Beat Offside Trap, Early Crosser",74,69,45,72,64,82,62,68,70,80,93,87,89,72,93,73,60,86,62,69,58,41,71,74,68,77,42,42,37,10,13,14,10,7
"25",235944,"https://sofifa.com/player/235944/brais-mendez-portela/20/159586","Brais Méndez",22,187,76,"Spain","RC Celta",77,86,13500000,21000,"RM, CAM","Left",3,4,"High/Medium",31100000,"","RM",23,"","2015-07-01",2021,74,75,75,77,50,63,NA,NA,NA,NA,NA,NA,"Beat Offside Trap, Argues with Officials, Finesse Shot, Crowd Favourite",74,78,52,76,65,79,74,75,73,80,73,74,70,74,47,73,64,66,69,77,45,55,77,78,62,78,49,49,44,10,5,10,12,8
"26",206517,"https://sofifa.com/player/206517/jack-grealish/20/159586","J. Grealish",23,175,68,"England","Aston Villa",77,85,13000000,47000,"CAM, CM","Right",3,4,"Medium/Medium",27300000,"","LCM",10,"","2012-03-01",2023,75,66,74,80,41,59,NA,NA,NA,NA,NA,NA,"Selfish, Argues with Officials, Crowd Favourite",69,62,36,78,72,80,72,65,71,81,76,74,85,68,82,67,34,69,61,72,48,43,71,78,58,77,43,41,39,11,6,11,10,13
"27",222368,"https://sofifa.com/player/222368/anton-miranchuk/20/159586","A. Miranchuk",23,183,72,"Russia","Lokomotiv Moscow",77,85,13000000,1000,"CAM, RM","Right",4,3,"Medium/Medium",29900000,"","LM",11,"","2012-01-01",2021,76,73,74,77,28,62,NA,NA,NA,NA,NA,NA,"Selfish, Crowd Favourite",69,76,44,78,60,76,62,72,73,78,75,76,74,76,82,74,49,72,68,69,39,22,74,77,71,80,25,30,31,8,6,11,12,16
"28",238359,"https://sofifa.com/player/238359/marcus-wendel-valle-da-silva/20/159586","Wendel",21,180,66,"Brazil","Sporting CP",77,85,13000000,11000,"CM","Right",3,3,"High/Medium",28600000,"","LCM",37,"","2018-01-06",2023,78,71,74,79,72,71,NA,NA,NA,NA,NA,NA,"Argues with Officials, Early Crosser, Speed Dribbler (CPU AI Only)",67,61,57,78,70,80,70,64,75,78,76,79,79,76,72,85,62,80,68,83,69,76,69,76,66,82,75,73,69,14,5,13,6,7
"29",230965,"https://sofifa.com/player/230965/nahitan-nandez/20/159586","N. Nández",23,172,72,"Uruguay","Cagliari",77,84,12500000,28000,"CM, CDM, RM","Right",3,3,"High/High",23800000,"#Engine","RCM",18,"","2019-08-09",2024,77,67,68,76,76,83,NA,NA,NA,NA,NA,NA,"",57,66,57,78,50,73,46,52,69,76,76,77,81,81,81,74,77,92,78,65,87,79,75,72,55,80,77,79,73,8,8,14,5,15
"30",236791,"https://sofifa.com/player/236791/antonin-barak/20/159586","A. Barák",24,190,86,"Czech Republic","Udinese",77,84,12500000,16000,"CM, CAM","Left",3,4,"High/Medium",23800000,"","CDM",72,"","2017-07-01",2022,64,73,76,76,52,71,NA,NA,NA,NA,NA,NA,"Crowd Favourite",72,68,60,80,64,78,62,66,78,80,63,64,63,72,63,81,57,74,77,78,58,64,74,76,66,76,25,66,62,14,15,10,12,11
"31",237183,"https://sofifa.com/player/237183/matias-rojas/20/159586","M. Rojas",23,186,78,"Paraguay","Racing Club",77,84,12500000,19000,"CM","Left",3,4,"High/Medium",20000000,"","LM",10,"","2019-07-03",2023,81,78,76,80,63,70,NA,NA,NA,NA,NA,NA,"Argues with Officials, Early Crosser",69,76,64,79,66,82,85,84,74,81,78,84,77,74,66,85,65,79,68,83,64,69,76,75,66,79,60,62,58,8,6,12,8,11
"32",237238,"https://sofifa.com/player/237238/scott-mctominay/20/159586","S. McTominay",22,193,88,"Scotland","Manchester United",77,84,11500000,73000,"CDM, CM","Right",3,3,"High/High",24200000,"","RDM",39,"","2013-07-01",2023,61,65,72,72,74,80,NA,NA,NA,NA,NA,NA,"Diver, Leadership",68,60,76,78,59,73,64,34,77,76,59,63,64,73,50,79,69,80,82,66,78,75,65,72,59,76,72,75,70,9,6,6,10,11
"33",225439,"https://sofifa.com/player/225439/rolando-mandragora/20/159586","R. Mandragora",22,183,76,"Italy","Udinese",76,86,12000000,15000,"CM, CDM","Left",3,3,"Medium/High",22800000,"","RCM",38,"","2018-07-26",2023,58,63,73,75,74,73,NA,NA,NA,NA,NA,NA,"",65,59,65,78,55,76,66,57,76,76,52,63,72,74,74,70,67,76,75,69,67,75,62,76,52,69,77,75,69,13,14,9,14,16
"34",222501,"https://sofifa.com/player/222501/timothy-castagne/20/159586","T. Castagne",23,185,80,"Belgium","Atalanta",76,85,12000000,40000,"LM, RM, RB","Right",3,3,"Medium/High",22800000,"","LM",21,"","2017-07-07",2020,82,56,69,75,73,68,NA,NA,NA,NA,NA,NA,"Dives Into Tackles (CPU AI Only)",77,58,66,73,40,75,58,33,70,76,83,82,72,76,66,62,70,85,59,52,68,76,76,66,27,68,74,73,72,14,9,15,10,15
"35",235173,"https://sofifa.com/player/235173/ibrahim-sangare/20/159586","I. Sangaré",21,191,77,"Ivory Coast","Toulouse Football Club",76,85,11000000,18000,"CDM, CM","Right",4,3,"Medium/High",24200000,"","RCM",17,"","2016-07-05",2022,68,64,72,72,74,80,NA,NA,NA,NA,NA,NA,"Leadership",74,61,74,74,62,71,62,62,72,75,69,68,65,75,69,71,75,79,83,64,74,73,72,73,59,78,72,76,76,7,13,11,6,7
"36",246172,"https://sofifa.com/player/246172/samuel-chukwueze/20/159586","S. Chukwueze",20,172,70,"Nigeria","Villarreal CF",76,85,12000000,22000,"RM, CF, RW","Left",3,4,"High/Medium",27600000,"","RM",11,"","2018-10-07",2023,87,72,66,82,36,57,NA,NA,NA,NA,NA,NA,"Selfish, Early Crosser",69,71,44,69,70,84,71,58,56,78,89,85,88,72,82,76,67,72,53,74,47,33,75,68,55,70,40,32,33,13,7,9,7,6
"37",222077,"https://sofifa.com/player/222077/manuel-locatelli/20/159586","M. Locatelli",21,186,75,"Italy","Sassuolo",76,84,10500000,30000,"CDM, CM","Right",3,3,"Medium/Medium",21000000,"","LCM",73,"","2019-07-01",2023,60,63,74,74,75,70,NA,NA,NA,NA,NA,NA,"Finesse Shot",72,54,68,78,64,75,66,60,75,79,59,60,66,68,54,76,58,73,69,75,70,75,54,75,60,66,76,75,75,11,12,11,10,15
"38",233195,"https://sofifa.com/player/233195/xaver-schlager/20/159586","X. Schlager",21,174,76,"Austria","VfL Wolfsburg",76,84,11500000,30000,"CM, CAM, CDM","Left",3,3,"High/High",21900000,"","RCM",24,"","2019-07-01",2023,78,68,71,77,65,74,NA,NA,NA,NA,NA,NA,"",59,64,44,76,55,75,70,60,72,77,79,78,83,78,77,76,60,85,69,75,74,77,74,76,56,71,60,67,66,6,8,8,12,7
"39",234725,"https://sofifa.com/player/234725/idrissa-doumbia/20/159586","I. Doumbia",21,187,82,"Ivory Coast","Sporting CP",76,84,10500000,9000,"CDM, CM","Right",3,3,"Medium/Medium",23100000,"#Strength","CDM",98,"","2019-01-15",2024,68,57,68,73,74,86,NA,NA,NA,NA,NA,NA,"",63,53,66,75,35,74,56,41,68,75,65,71,65,75,59,64,70,81,90,63,84,75,68,70,42,80,76,77,68,8,11,14,12,7
"40",206115,"https://sofifa.com/player/206115/isaac-hayden/20/159586","I. Hayden",24,185,79,"England","Newcastle United",76,83,10000000,29000,"CDM, CM","Right",4,2,"Medium/High",21000000,"","CM",14,"","2016-07-11",2021,58,55,64,68,74,76,NA,NA,NA,NA,NA,NA,"Injury Prone, Giant Throw-in",43,48,65,76,35,66,45,38,69,75,56,60,58,74,60,70,69,78,74,61,80,75,66,69,49,75,74,75,77,9,15,8,8,12
"41",211408,"https://sofifa.com/player/211408/karol-linetty/20/159586","K. Linetty",24,176,73,"Poland","Sampdoria",76,83,10500000,28000,"CM","Right",3,3,"High/High",20000000,"","RCM",7,"","2016-07-29",2021,69,63,71,75,72,70,NA,NA,NA,NA,NA,NA,"Argues with Officials",60,64,56,78,38,74,62,36,74,76,73,65,74,74,79,70,79,78,62,64,79,76,68,76,50,70,72,74,70,13,8,11,14,6
"42",241096,"https://sofifa.com/player/241096/sandro-tonali/20/159586","S. Tonali",19,181,79,"Italy","Brescia",75,89,13500000,7000,"CDM, CM","Right",4,3,"Medium/High",32700000,"","CDM",4,"","2017-07-01",2021,78,65,75,75,71,76,NA,NA,NA,NA,NA,NA,"Avoids Using Weaker Foot, Selfish, Leadership, Finesse Shot",72,61,70,77,61,76,70,67,80,76,82,75,69,72,73,75,64,74,79,68,76,73,61,74,65,74,70,71,70,13,9,8,7,7
"43",237819,"https://sofifa.com/player/237819/nicolas-dominguez/20/159586","N. Domínguez",21,179,73,"Argentina","Vélez Sarsfield",75,87,12000000,11000,"CM, CDM, RWB","Right",4,3,"High/High",20400000,"#Engine","LCM",8,"","2017-01-03",2021,79,63,70,74,70,78,NA,NA,NA,NA,NA,NA,"Injury Prone",63,61,65,79,51,73,49,45,75,75,82,77,80,69,76,71,85,91,68,67,85,69,59,69,51,57,59,79,81,6,11,9,10,5
"44",233064,"https://sofifa.com/player/233064/mason-mount/20/159586","M. Mount",20,178,64,"England","Chelsea",75,86,11500000,57000,"CAM, CM","Right",4,3,"High/Medium",24200000,"","LCM",19,"","2016-01-10",2024,71,68,74,76,46,53,NA,NA,NA,NA,NA,NA,"Argues with Officials, Finesse Shot, Crowd Favourite",69,68,59,75,61,74,75,76,71,79,77,66,78,72,75,70,46,74,46,68,44,46,65,77,60,70,44,49,30,11,12,13,8,12
"45",236920,"https://sofifa.com/player/236920/justin-kluivert/20/159586","J. Kluivert",20,171,66,"Netherlands","Roma",75,86,11500000,29000,"LW, RW","Right",4,4,"High/Medium",21900000,"","LM",34,"","2018-07-01",2023,88,72,66,80,37,59,NA,NA,NA,NA,NA,NA,"Selfish, Early Crosser",71,70,52,68,67,81,72,58,54,78,90,87,84,67,83,77,64,67,53,76,63,25,66,69,66,74,47,32,27,5,6,14,7,12
"46",241084,"https://sofifa.com/player/241084/luis-diaz/20/159586","L. Díaz",22,180,73,"Colombia","FC Porto",75,86,11500000,11000,"LM","Right",4,4,"High/Medium",25300000,"#Speedster","LM",7,"","2019-07-10",2024,92,68,65,77,32,67,NA,NA,NA,NA,NA,NA,"Injury Free, Crowd Favourite",65,76,50,69,49,79,65,47,64,72,91,92,89,67,66,64,72,76,66,63,59,21,75,65,44,77,28,36,34,10,13,13,14,14
"47",220710,"https://sofifa.com/player/220710/harry-wilson/20/159586","H. Wilson",22,173,70,"Wales","Bournemouth",75,85,10500000,51000,"RW, CM, RM","Left",3,3,"High/Medium",NA,"","RM",22,"Liverpool","",2020,79,76,72,75,40,49,NA,NA,NA,NA,NA,NA,"Argues with Officials",72,74,47,72,68,73,82,82,59,75,82,77,79,72,84,77,45,67,47,81,31,25,73,75,78,68,47,41,36,7,13,9,15,7
"48",226592,"https://sofifa.com/player/226592/jakub-jankto/20/159586","J. Jankto",23,180,74,"Czech Republic","Sampdoria",75,84,10000000,27000,"CM, LM","Left",3,4,"High/High",19000000,"","LCM",14,"","2019-07-01",2023,77,70,73,76,67,64,NA,NA,NA,NA,NA,NA,"Early Crosser",70,66,68,77,60,76,71,50,74,77,77,77,74,75,74,79,61,71,60,74,68,64,76,75,50,74,68,68,64,7,16,9,14,15
"49",239231,"https://sofifa.com/player/239231/marc-cucurella-saseta/20/159586","Cucurella",20,172,69,"Spain","Getafe CF",75,84,10500000,16000,"LM, LB","Left",3,3,"High/Medium",NA,"","LM",15,"FC Barcelona","",2020,83,60,71,76,65,72,NA,NA,NA,NA,NA,NA,"Early Crosser",75,59,57,75,39,75,69,48,66,76,82,83,79,72,79,68,69,88,64,59,71,68,69,71,47,70,67,65,65,13,7,9,10,11
"50",224371,"https://sofifa.com/player/224371/jarrod-bowen/20/159586","J. Bowen",22,175,70,"England","Hull City",75,83,10000000,13000,"RM","Left",3,4,"Medium/Medium",21000000,"","RM",20,"","2014-07-01",2020,79,72,67,77,43,64,NA,NA,NA,NA,NA,NA,"",67,76,62,67,53,77,69,67,61,75,81,78,79,74,83,66,63,78,62,73,52,34,78,71,68,72,49,40,36,14,8,14,10,7
"51",235997,"https://sofifa.com/player/235997/francisco-jose-beltran-peinado/20/159586","Fran Beltrán",20,170,66,"Spain","RC Celta",75,83,9000000,14000,"CDM, CM, CAM","Right",3,3,"Medium/Medium",20700000,"","LDM",8,"","2018-08-01",2023,68,53,72,75,75,65,NA,NA,NA,NA,NA,NA,"",69,47,60,75,55,75,54,55,77,73,71,66,77,71,77,61,58,66,64,55,68,76,63,76,49,66,78,75,79,14,11,8,13,9
"52",226789,"https://sofifa.com/player/226789/angelo-fulgini/20/159586","A. Fulgini",22,183,71,"France","Angers SCO",75,82,9500000,19000,"RM, CM, RW","Right",4,3,"Medium/Medium",20900000,"","RM",10,"","2017-07-07",2021,76,60,74,76,68,69,NA,NA,NA,NA,NA,NA,"",73,65,67,78,52,77,64,66,75,78,74,78,76,67,66,61,61,75,69,52,64,67,65,73,53,65,65,73,69,12,6,11,15,14
"53",229435,"https://sofifa.com/player/229435/michel-vlap/20/159586","M. Vlap",22,191,81,"Netherlands","RSC Anderlecht",75,82,9500000,17000,"CAM, CM, LW","Right",4,3,"High/Medium",16200000,"","LCM",10,"","2019-07-04",2024,73,77,70,72,47,69,NA,NA,NA,NA,NA,NA,"",64,78,74,72,66,71,73,74,67,76,72,74,72,72,66,74,60,83,74,80,43,40,75,73,71,74,58,36,34,10,12,10,13,11
"54",230065,"https://sofifa.com/player/230065/suat-serdar/20/159586","S. Serdar",22,184,75,"Germany","FC Schalke 04",75,82,9000000,24000,"CM, CDM, CAM","Right",3,3,"Medium/Medium",17100000,"","RM",8,"","2018-07-01",2022,68,62,69,76,71,78,NA,NA,NA,NA,NA,NA,"",60,56,68,77,50,77,42,45,70,77,66,70,68,75,67,73,68,77,76,68,85,75,68,74,49,70,68,74,68,15,8,5,13,10
"55",233265,"https://sofifa.com/player/233265/remi-oudin/20/159586","R. Oudin",22,185,79,"France","Stade de Reims",75,82,9500000,23000,"RM, RW","Left",3,3,"Medium/High",20900000,"","RM",18,"","2016-07-01",2021,76,73,72,74,32,68,NA,NA,NA,NA,NA,NA,"Diver, Beat Offside Trap, Argues with Officials",72,74,69,73,69,73,77,73,65,76,72,80,73,75,69,76,75,73,75,69,42,26,76,74,66,74,37,24,19,8,13,11,13,6
"56",236245,"https://sofifa.com/player/236245/alberth-elis/20/159586","A. Elis",23,180,77,"Honduras","Houston Dynamo",75,82,9500000,8000,"RM, RW, ST","Right",4,4,"High/Medium",15700000,"#Speedster","RM",17,"","2018-01-01",2022,90,71,63,77,30,72,NA,NA,NA,NA,NA,NA,"Injury Prone, Early Crosser, Crowd Favourite",58,73,69,65,66,79,60,57,58,77,91,89,78,74,63,72,80,74,72,65,68,33,74,72,65,69,26,21,25,9,7,6,10,9
"57",244271,"https://sofifa.com/player/244271/ivan-sunjic/20/159586","I. Šunjić",22,184,75,"Croatia","Birmingham City",75,82,8500000,12000,"CDM, CM","Right",3,2,"Medium/High",17900000,"","LCM",34,"","2019-07-26",2024,70,57,60,64,77,79,NA,NA,NA,NA,NA,NA,"Giant Throw-in",49,55,66,68,43,61,31,38,64,67,75,65,72,75,57,67,58,93,70,60,87,80,56,65,43,62,79,77,74,9,9,13,11,11
"58",236772,"https://sofifa.com/player/236772/dominik-szoboszlai/20/159586","D. Szoboszlai",18,186,74,"Hungary","FC Red Bull Salzburg",74,89,11500000,11000,"CAM, RM, CM","Right",4,4,"Medium/Low",24400000,"","LM",14,"","2018-01-16",2022,80,69,71,78,37,65,NA,NA,NA,NA,NA,NA,"Injury Free, Selfish, Crowd Favourite",65,67,58,72,69,79,78,77,72,80,76,83,77,68,71,72,72,69,69,74,49,32,62,72,69,75,35,38,26,10,10,13,10,6
"59",243282,"https://sofifa.com/player/243282/dwight-mcneil/20/159586","D. McNeil",19,183,68,"England","Burnley",74,85,9500000,17000,"LM","Left",3,3,"High/High",20000000,"","LM",11,"","2018-04-10",2023,77,66,71,75,50,66,NA,NA,NA,NA,NA,NA,"Argues with Officials, Crowd Favourite",76,65,59,70,57,76,73,66,64,75,75,79,75,67,78,69,68,75,65,68,55,46,71,72,62,73,48,54,44,6,14,14,12,14
"60",226754,"https://sofifa.com/player/226754/ismael-bennacer/20/159586","I. Bennacer",21,173,64,"Algeria","Milan",74,84,9000000,23000,"CM, CDM","Left",3,3,"Medium/Medium",17100000,"","LCM",4,"","2019-08-04",2024,72,70,73,74,68,66,NA,NA,NA,NA,NA,NA,"Finesse Shot",70,69,70,76,72,73,70,71,73,74,72,72,74,74,79,73,74,77,62,70,58,64,69,71,68,75,70,67,66,9,12,10,16,15
"61",247028,"https://sofifa.com/player/247028/alex-kral/20/159586","A. Král",21,186,80,"Czech Republic","SK Slavia Praha",74,84,8500000,1000,"CDM, CB, CM","Right",3,3,"Medium/Medium",20400000,"","RDM",33,"","2019-01-02",2023,75,68,67,74,71,78,NA,NA,NA,NA,NA,NA,"",55,66,70,73,65,74,65,51,69,73,76,75,76,71,77,73,77,85,75,72,78,73,67,70,59,68,68,73,69,11,13,10,11,12
"62",228332,"https://sofifa.com/player/228332/hamza-choudhury/20/159586","H. Choudhury",21,178,64,"England","Leicester City",74,83,8000000,38000,"CDM, CM","Right",3,2,"Medium/High",16800000,"","LCM",20,"","2015-03-31",2022,70,44,61,66,76,75,NA,NA,NA,NA,NA,NA,"Inflexible, Injury Prone",43,37,64,73,42,64,47,51,64,68,72,69,69,65,71,63,69,77,70,38,84,75,51,60,45,65,77,78,76,9,14,8,10,11
"63",231777,"https://sofifa.com/player/231777/abdulkadir-omur/20/159586","A. Ömür",20,168,67,"Turkey","Trabzonspor",74,83,8500000,19000,"RM, LM, CAM","Left",3,3,"High/Medium",18700000,"","RM",10,"","2015-07-20",2022,81,65,70,78,39,47,NA,NA,NA,NA,NA,NA,"Beat Offside Trap, Selfish, Finesse Shot, Crowd Favourite",68,64,50,72,67,78,78,69,62,77,81,81,83,68,85,68,53,68,34,66,52,37,67,73,55,73,35,42,35,11,12,13,11,10
"64",234468,"https://sofifa.com/player/234468/emanuel-reynoso/20/159586","E. Reynoso",23,176,67,"Argentina","Boca Juniors",74,83,8500000,17000,"CM, CAM, LM","Left",4,4,"Medium/Low",13600000,"","LM",30,"","2018-01-27",2022,67,62,74,78,57,64,NA,NA,NA,NA,NA,NA,"Finesse Shot, Crowd Favourite",64,58,59,79,48,79,69,66,74,75,73,62,86,70,74,66,61,71,58,67,71,58,68,78,61,70,60,55,54,7,11,9,5,9
"65",237043,"https://sofifa.com/player/237043/roberto-alvarado/20/159586","R. Alvarado",20,176,70,"Mexico","Cruz Azul",74,83,8500000,17000,"LM, RM, CAM","Left",5,3,"Medium/Medium",16200000,"","RM",25,"","2018-07-12",2022,76,65,71,76,53,61,NA,NA,NA,NA,NA,NA,"Crowd Favourite",74,67,51,71,62,76,67,65,68,76,78,75,80,64,77,66,62,80,57,59,45,55,68,75,62,64,55,49,60,8,14,13,13,14
"66",220714,"https://sofifa.com/player/220714/philip-billing/20/159586","P. Billing",23,197,80,"Denmark","Bournemouth",74,82,8000000,43000,"CM, CDM","Left",3,3,"Medium/Medium",16800000,"","RCM",29,"","2019-07-29",2023,58,70,72,70,74,73,NA,NA,NA,NA,NA,NA,"Inflexible, Long Throw-in, Power Free-Kick, Argues with Officials",64,64,72,76,68,72,74,73,77,75,55,60,54,72,58,84,61,69,76,78,71,74,63,70,52,74,73,77,73,11,7,10,14,13
"67",233959,"https://sofifa.com/player/233959/sebastian-villa/20/159586","S. Villa",23,179,71,"Colombia","Boca Juniors",74,82,8500000,17000,"RM, RW, LM","Right",3,3,"High/Medium",13600000,"#Speedster","RM",22,"","2018-07-23",2023,92,64,65,77,32,63,NA,NA,NA,NA,NA,NA,"Early Crosser",69,64,35,69,50,79,56,45,56,73,91,92,84,70,73,70,58,77,60,59,55,26,72,66,66,67,45,25,26,9,10,6,8,13
"68",235522,"https://sofifa.com/player/235522/aleix-febas-perez/20/159586","Aleix Febas",23,171,61,"Spain","RCD Mallorca",74,82,8000000,19000,"CM, CDM, CAM","Right",3,4,"Medium/Medium",19200000,"","RCM",23,"","2019-07-12",2023,71,62,73,76,61,65,NA,NA,NA,NA,NA,NA,"Injury Free, Crowd Favourite, Skilled Dribbling",67,58,36,77,57,75,73,63,75,73,73,69,87,72,83,67,56,73,60,66,68,68,65,75,59,75,62,64,63,6,10,6,9,7
"69",218746,"https://sofifa.com/player/218746/jose-angel-pozo-la-rosa/20/159586","Pozo",23,170,65,"Spain","Rayo Vallecano",74,81,8000000,7000,"CAM, ST, LM","Right",4,3,"High/Medium",14400000,"","LCM",22,"","2018-07-27",2023,73,69,71,77,54,54,NA,NA,NA,NA,NA,NA,"Power Free-Kick, Selfish, Crowd Favourite",65,70,57,77,69,77,65,64,75,78,77,69,78,66,81,64,54,57,58,74,39,46,69,65,66,72,61,52,50,8,7,8,8,7
"70",222429,"https://sofifa.com/player/222429/andres-cubas/20/159586","A. Cubas",23,169,60,"Argentina","Club Atlético Talleres",74,81,8000000,13000,"CM, CDM","Right",2,3,"Medium/Medium",13600000,"#Acrobat","CDM",8,"","2018-07-01",2021,71,52,67,73,75,56,NA,NA,NA,NA,NA,NA,"",58,45,55,76,33,66,43,40,72,75,76,66,89,81,90,59,78,87,31,62,75,72,65,68,51,74,77,80,78,9,12,11,13,7
"71",226162,"https://sofifa.com/player/226162/emiliano-buendia/20/159586","E. Buendía",22,170,65,"Argentina","Norwich City",74,81,8000000,34000,"RM","Right",3,3,"High/High",17600000,"","RM",17,"","2018-07-01",2024,73,66,74,78,61,62,NA,NA,NA,NA,NA,NA,"Selfish, Finesse Shot, Crowd Favourite",72,69,60,74,66,77,72,66,71,78,74,73,80,69,85,67,45,62,57,64,78,59,69,79,49,71,58,68,52,11,10,13,7,9
"72",231640,"https://sofifa.com/player/231640/javier-ontiveros-parra/20/159586","Ontiveros",21,172,75,"Spain","Málaga CF",74,81,8000000,7000,"LM, RM, LW","Right",3,4,"High/Medium",14400000,"","LM",10,"","2015-07-01",2020,74,75,73,76,35,50,NA,NA,NA,NA,NA,NA,"Beat Offside Trap, Selfish, Argues with Officials",76,73,32,74,58,76,77,79,71,77,75,74,76,62,87,82,37,72,44,80,43,36,69,68,68,72,41,32,27,6,8,6,11,12
"73",225614,"https://sofifa.com/player/225614/ilzat-akhmetov/20/159586","I. Akhmetov",21,173,67,"Russia","PFC CSKA Moscow",73,85,7000000,1000,"CM, CAM","Right",4,3,"Medium/Medium",16800000,"","RCM",7,"","2018-07-26",2022,75,58,72,76,60,51,NA,NA,NA,NA,NA,NA,"Crowd Favourite",64,60,45,78,47,77,58,50,77,73,74,75,80,72,82,57,52,62,49,60,43,65,64,75,50,71,63,61,55,8,14,14,7,12
"74",234857,"https://sofifa.com/player/234857/ivan-oblyakov/20/159586","I. Oblyakov",20,175,74,"Russia","PFC CSKA Moscow",73,84,7000000,1000,"CM, CAM","Left",2,3,"High/Medium",16800000,"","LM",98,"","2018-08-31",2023,73,65,75,76,55,64,NA,NA,NA,NA,NA,NA,"Selfish, Finesse Shot, Crowd Favourite",77,64,57,73,53,76,72,71,76,75,70,76,77,67,80,69,62,73,61,67,60,63,73,75,52,66,50,53,55,6,14,5,7,12
"75",239335,"https://sofifa.com/player/239335/oscar-rodriguez-arnaiz/20/159586","Óscar",21,174,68,"Spain","CD Leganés",73,84,7000000,17000,"CAM, CM","Right",3,3,"High/Medium",NA,"","LCM",27,"Real Madrid","",2020,65,67,72,76,49,59,NA,NA,NA,NA,NA,NA,"Argues with Officials",68,70,45,72,52,79,78,82,68,76,64,66,66,73,74,62,58,61,62,71,48,61,66,73,53,72,47,47,43,12,7,9,11,7
"76",221168,"https://sofifa.com/player/221168/dawid-kownacki/20/159586","D. Kownacki",22,187,75,"Poland","Fortuna Düsseldorf",73,83,6500000,22000,"ST, LM, RM","Right",3,3,"Medium/Medium",NA,"","LM",9,"Sampdoria","",2020,78,70,59,70,28,70,NA,NA,NA,NA,NA,NA,"Injury Free",54,73,66,66,63,70,52,32,59,70,79,77,75,70,67,78,68,72,73,57,58,42,75,62,72,71,20,18,16,15,13,9,9,11
"77",237520,"https://sofifa.com/player/237520/mady-camara/20/159586","M. Camara",22,180,81,"Guinea","Olympiacos CFP",73,83,6000000,1000,"CDM, CM","Right",3,3,"High/High",13800000,"#Engine","LDM",4,"","2018-07-01",2023,67,60,63,70,72,83,NA,NA,NA,NA,NA,NA,"Argues with Officials",61,51,69,69,46,71,57,40,66,71,66,68,64,68,62,77,63,88,83,72,80,70,57,60,41,66,73,74,69,11,11,9,11,7
"78",239953,"https://sofifa.com/player/239953/leonardo-rodrigues-lima/20/159586","Léo Jabá",20,178,72,"Brazil","PAOK",73,83,6500000,1000,"RM, LM","Right",3,3,"High/Low",15000000,"","RM",98,"","2018-07-01",2023,85,68,63,74,26,63,NA,NA,NA,NA,NA,NA,"Early Crosser, Crowd Favourite",68,70,54,66,58,76,54,37,60,73,83,86,75,68,68,65,72,68,72,66,31,14,74,65,72,63,33,20,18,12,7,11,14,12
"79",233061,"https://sofifa.com/player/233061/mathias-pereira-lage/20/159586","M. Pereira Lage",22,180,67,"Portugal","Angers SCO",73,82,6000000,16000,"LM","Right",3,4,"High/Medium",13200000,"","LM",27,"","2019-07-30",2022,80,69,72,73,43,66,NA,NA,NA,NA,NA,NA,"Finesse Shot, Crowd Favourite",72,70,67,73,72,71,69,64,70,74,82,79,81,59,75,73,83,85,68,67,31,62,56,72,67,66,22,49,24,9,15,5,11,6
"80",233550,"https://sofifa.com/player/233550/samuel-grandsir/20/159586","S. Grandsir",22,170,65,"France","Stade Brestois 29",73,82,6000000,14000,"RM, LM","Right",4,3,"Medium/Medium",NA,"#Acrobat","LM",25,"AS Monaco","",2020,87,61,70,76,44,63,NA,NA,NA,NA,NA,NA,"Selfish, Early Crosser",75,59,58,72,56,76,74,59,70,71,89,86,90,65,89,71,69,69,57,57,67,45,64,65,50,67,44,39,47,12,13,7,11,5
"81",238555,"https://sofifa.com/player/238555/jefferson-savarino/20/159586","J. Savarino",22,169,66,"Venezuela","Real Salt Lake",73,82,6000000,7000,"RW, RM","Right",4,4,"High/Medium",10200000,"#Acrobat","RM",7,"","2018-02-12",2022,82,70,66,77,37,63,NA,NA,NA,NA,NA,NA,"Selfish, Crowd Favourite",64,69,43,70,63,77,65,53,58,74,85,80,90,70,81,78,55,78,58,67,59,30,66,69,60,71,36,42,30,7,13,6,15,12
"82",227562,"https://sofifa.com/player/227562/lukas-haraslin/20/159586","L. Haraslín",23,182,71,"Slovakia","Lechia Gdańsk",73,81,6000000,7000,"LM, RM","Left",3,4,"High/Medium",9300000,"#Acrobat","LM",17,"","2015-07-07",2021,84,62,67,75,40,66,NA,NA,NA,NA,NA,NA,"Selfish, Crowd Favourite",67,63,59,68,58,73,68,54,66,72,85,84,90,65,83,62,73,89,64,59,38,33,66,68,58,65,33,41,48,13,12,13,10,15
"83",245275,"https://sofifa.com/player/245275/toma-basic/20/159586","T. Bašić",22,189,80,"Croatia","FC Girondins de Bordeaux",73,81,6000000,21000,"CM","Left",3,3,"High/Medium",12600000,"","RCM",26,"","2018-08-08",2022,54,60,74,71,67,65,NA,NA,NA,NA,NA,NA,"Argues with Officials",73,53,64,75,59,71,71,74,75,75,53,55,59,70,63,71,60,63,67,66,64,64,69,74,51,71,64,71,69,13,10,11,11,7
"84",212269,"https://sofifa.com/player/212269/riechedly-bazoer/20/159586","R. Bazoer",22,184,74,"Netherlands","Vitesse",73,80,5500000,14000,"CM","Right",4,3,"Medium/Medium",9400000,"","LCM",10,"","2019-07-12",2022,74,64,72,75,63,73,NA,NA,NA,NA,NA,NA,"Argues with Officials",70,58,63,78,69,75,68,41,74,77,74,74,74,75,74,72,81,72,73,70,72,57,66,71,46,72,69,63,60,6,11,12,14,10
"85",226211,"https://sofifa.com/player/226211/roger-krug-guedes/20/159586","Roger Guedes",22,184,87,"Brazil","Shandong Luneng TaiShan FC",73,80,5500000,15000,"ST, LM, RM","Right",3,4,"Medium/Low",9600000,"","LM",23,"","2018-07-13",2021,82,69,70,78,31,64,NA,NA,NA,NA,NA,NA,"Early Crosser, Crowd Favourite",70,72,61,73,66,82,68,55,67,77,81,82,69,71,60,69,68,69,69,63,42,32,70,70,67,64,36,17,23,10,7,15,6,15
"86",226370,"https://sofifa.com/player/226370/andre-filipe-luz-horta/20/159586","André Horta",22,175,62,"Portugal","SC Braga",73,80,5500000,10000,"CM, CAM","Right",3,3,"High/Medium",12100000,"","LCM",15,"","2019-07-01",2024,71,64,73,77,63,66,NA,NA,NA,NA,NA,NA,"Power Free-Kick, Argues with Officials, Crowd Favourite",69,59,50,77,67,76,70,50,75,74,70,71,89,72,79,75,67,70,63,64,70,63,69,74,55,74,66,67,57,6,15,15,10,8
"87",236477,"https://sofifa.com/player/236477/alexis-claude-maurice/20/159586","A. Claude Maurice",21,174,62,"France","FC Lorient",72,86,7000000,5000,"LM, CAM","Right",3,4,"Medium/Medium",17000000,"#Acrobat","LM",10,"","2016-07-01",2022,89,69,63,74,37,51,NA,NA,NA,NA,NA,NA,"Argues with Officials, Early Crosser, Finesse Shot, Crowd Favourite",59,69,43,67,58,72,58,46,62,73,91,87,90,62,81,70,48,80,42,71,37,21,69,66,58,74,32,48,40,11,13,15,14,15
"88",239817,"https://sofifa.com/player/239817/boubakary-soumare/20/159586","B. Soumaré",20,188,82,"France","LOSC Lille",72,86,7000000,18000,"CM, CDM","Right",3,3,"Medium/Medium",17700000,"","LDM",24,"","2017-07-12",2022,69,56,67,74,67,71,NA,NA,NA,NA,NA,NA,"",56,51,60,73,52,75,59,53,72,78,67,71,64,69,64,64,68,67,75,57,68,70,64,69,52,74,65,69,64,11,6,13,5,10
"89",237161,"https://sofifa.com/player/237161/sean-longstaff/20/159586","S. Longstaff",21,180,65,"England","Newcastle United",72,84,5500000,20000,"CM, CAM","Right",4,2,"High/Medium",11600000,"","RCM",36,"","2015-06-30",2022,63,65,68,67,60,60,NA,NA,NA,NA,NA,NA,"Argues with Officials",48,61,47,78,56,69,55,56,71,68,62,63,50,71,68,73,59,76,59,69,41,63,64,72,54,79,58,65,56,6,8,13,14,12
"90",227978,"https://sofifa.com/player/227978/marvin-mehlem/20/159586","M. Mehlem",21,174,67,"Germany","SV Darmstadt 98",72,83,5500000,11000,"CAM, LM","Right",3,3,"High/Medium",9900000,"","LM",6,"","2017-07-01",2020,74,60,68,78,49,57,NA,NA,NA,NA,NA,NA,"",62,62,34,73,42,78,64,52,65,76,76,73,85,61,88,61,64,71,49,59,57,47,68,70,53,61,47,57,49,16,10,8,8,13
"91",235987,"https://sofifa.com/player/235987/ivan-gomez/20/159586","I. Gómez",22,167,60,"Argentina","Estudiantes de La Plata",72,83,4900000,10000,"CDM, CM","Right",2,3,"Medium/Medium",8400000,"","LCM",4,"","2016-07-01",2021,65,52,63,71,70,71,NA,NA,NA,NA,NA,NA,"",49,52,67,78,45,70,47,44,74,72,68,62,69,69,77,61,67,77,68,46,73,67,47,50,47,67,71,71,69,6,15,13,9,10
"92",236246,"https://sofifa.com/player/236246/ovie-ejaria/20/159586","O. Ejaria",21,183,75,"England","Reading",72,83,5500000,12000,"CM, LM","Right",3,4,"High/Medium",NA,"","LM",14,"Liverpool","",2020,71,61,69,77,63,64,NA,NA,NA,NA,NA,NA,"Beat Offside Trap, Crowd Favourite",62,63,59,74,55,77,67,49,71,80,72,71,80,65,58,64,54,67,68,53,55,63,65,70,57,77,59,67,63,15,9,11,14,10
"93",236298,"https://sofifa.com/player/236298/eduard-atuesta/20/159586","E. Atuesta",22,180,71,"Colombia","Los Angeles FC",72,81,4400000,5000,"CDM, CM","Right",4,2,"Medium/Medium",7500000,"","CDM",20,"","2018-02-27",2021,63,56,68,71,67,66,NA,NA,NA,NA,NA,NA,"",51,55,49,77,46,69,64,57,70,72,66,61,74,72,81,65,59,74,63,55,66,71,54,69,37,68,70,69,60,15,12,12,12,13
"94",238637,"https://sofifa.com/player/238637/sebastian-vasiliadis/20/159586","S. Vasiliadis",21,175,75,"Germany","SC Paderborn 07",72,81,4800000,13000,"CM, CDM, CAM","Right",3,3,"Medium/Medium",9500000,"","RDM",39,"","2018-07-01",2020,74,59,68,72,63,71,NA,NA,NA,NA,NA,NA,"Finesse Shot",59,59,46,74,42,70,45,56,67,72,75,74,77,70,77,65,66,85,66,57,65,63,68,74,49,71,60,71,61,12,7,14,14,12
"95",215556,"https://sofifa.com/player/215556/edimilson-fernandes/20/159586","E. Fernandes",23,187,77,"Switzerland","1. FSV Mainz 05",72,80,4500000,17000,"CM, CDM","Right",4,3,"Medium/Medium",8600000,"","RCM",20,"","2019-07-01",2023,72,67,67,71,60,72,NA,NA,NA,NA,NA,NA,"",57,66,45,74,56,73,57,51,72,74,68,75,66,64,56,73,56,78,72,70,66,60,65,69,55,63,56,70,60,12,7,13,15,13
"96",225844,"https://sofifa.com/player/225844/daniele-verde/20/159586","D. Verde",23,168,64,"Italy","AEK Athens",72,80,4600000,1000,"RM, CF","Left",3,4,"Medium/Low",11000000,"#Acrobat","RM",7,"","2019-07-17",2022,83,71,67,79,36,47,NA,NA,NA,NA,NA,NA,"Long Throw-in, Injury Free, Selfish, Argues with Officials, Crowd Favourite",69,64,46,65,60,77,81,77,60,78,84,82,90,66,92,85,40,67,33,77,58,24,65,68,71,70,41,37,35,7,12,14,9,12
"97",226356,"https://sofifa.com/player/226356/mohamed-fares/20/159586","M. Fares",23,183,75,"Algeria","SPAL",72,80,4600000,10000,"LM, LB, LW","Left",3,3,"High/High",9200000,"","LM",93,"","2019-07-01",2024,78,62,66,75,65,69,NA,NA,NA,NA,NA,NA,"Early Crosser",75,59,58,66,58,75,69,48,60,75,79,77,74,70,75,68,57,72,70,62,68,66,65,63,64,65,65,67,68,8,12,10,15,14
"98",244628,"https://sofifa.com/player/244628/braian-samudio/20/159586","B. Samudio",23,180,79,"Paraguay","Çaykur Rizespor",72,80,4600000,10000,"LM, RM","Right",3,3,"High/Medium",10100000,"","LM",18,"","2018-07-01",2021,76,69,63,74,38,65,NA,NA,NA,NA,NA,NA,"",59,72,72,68,52,75,47,43,58,75,74,77,73,68,70,72,73,78,65,63,45,39,72,69,72,66,37,30,24,6,11,14,9,9
"99",220659,"https://sofifa.com/player/220659/josh-brownhill/20/159586","J. Brownhill",23,178,69,"England","Bristol City",72,79,4300000,26000,"CM, CDM","Right",3,3,"High/Medium",9000000,"","RDM",8,"","2016-07-01",2021,72,66,68,70,66,75,NA,NA,NA,NA,NA,NA,"Long Throw-in, Argues with Officials",65,62,65,69,50,69,63,70,69,71,70,73,70,71,71,78,78,89,69,73,70,67,70,69,40,69,63,69,61,8,11,12,7,9
"100",221433,"https://sofifa.com/player/221433/omar-govea/20/159586","O. Govea",23,174,74,"Mexico","SV Zulte-Waregem",72,79,4000000,9000,"CDM, CM","Right",4,3,"Medium/High",6800000,"","LDM",10,"","2019-07-09",2022,67,57,71,72,68,64,NA,NA,NA,NA,NA,NA,"Argues with Officials",58,42,59,75,63,69,75,74,71,75,70,64,76,67,77,74,68,66,61,72,69,72,63,73,57,68,65,71,73,10,9,14,14,11
"101",233314,"https://sofifa.com/player/233314/russell-canouse/20/159586","R. Canouse",24,177,76,"United States","DC United",72,79,4000000,5000,"CDM, CM","Right",3,2,"Medium/High",6800000,"","RCM",4,"","2017-08-11",2019,67,51,62,66,70,76,NA,NA,NA,NA,NA,NA,"Leadership",39,46,65,75,49,62,41,48,71,71,65,68,68,70,67,59,70,74,78,53,77,67,53,62,54,69,71,72,69,15,6,10,15,13
"102",234171,"https://sofifa.com/player/234171/roland-sallai/20/159586","R. Sallai",22,183,76,"Hungary","SC Freiburg",72,79,4400000,15000,"LM","Right",3,3,"Medium/Medium",8700000,"","LM",22,"","2018-08-31",2022,74,67,67,74,37,58,NA,NA,NA,NA,NA,NA,"",68,70,49,71,67,76,49,45,62,75,76,73,69,67,68,64,63,58,58,63,59,39,70,73,56,63,32,37,38,7,5,11,14,9
"103",236998,"https://sofifa.com/player/236998/james-lea-siliki/20/159586","J. Léa Siliki",23,183,70,"France","Stade Rennais FC",72,79,4300000,23000,"CM, CDM","Left",2,3,"High/Low",9500000,"","CM",12,"","2017-07-01",2021,71,69,71,74,68,67,NA,NA,NA,NA,NA,NA,"Selfish, Argues with Officials",70,64,64,75,72,75,75,64,69,76,76,67,71,68,56,74,55,72,67,74,65,66,67,65,64,64,71,68,65,10,12,12,11,12
"104",247185,"https://sofifa.com/player/247185/ante-palaversa/20/159586","A. Palaversa",19,187,79,"Croatia","KV Oostende",71,85,5000000,6000,"CM, CDM, CAM","Right",3,3,"Medium/Medium",NA,"","CDM",14,"Manchester City","",2020,68,59,70,68,69,69,NA,NA,NA,NA,NA,NA,"Leadership, Argues with Officials",65,48,62,76,49,69,51,54,79,73,62,72,56,61,56,74,55,69,69,70,72,68,60,67,58,74,74,65,72,12,13,5,14,9
"105",231089,"https://sofifa.com/player/231089/ibrahima-sissoko/20/159586","I. Sissoko",21,193,88,"France","RC Strasbourg Alsace",71,84,4500000,13000,"CM","Right",4,3,"Medium/High",11800000,"#Strength","LCM",18,"","2018-07-01",2022,51,51,64,64,69,82,NA,NA,NA,NA,NA,NA,"",45,41,58,77,43,66,48,40,70,69,50,52,50,72,34,68,58,79,87,56,78,72,65,66,49,68,70,71,69,11,5,14,11,11
"106",225502,"https://sofifa.com/player/225502/kevin-balanta/20/159586","K. Balanta",22,179,73,"Colombia","Club Tijuana",71,83,3900000,11000,"CDM, CM","Right",3,2,"Medium/High",NA,"","RCM",5,"Deportivo Cali","",2019,84,50,57,64,68,82,NA,NA,NA,NA,NA,NA,"",38,42,70,69,36,58,36,37,69,70,79,88,72,71,64,64,78,87,78,58,85,66,60,58,43,57,71,68,57,11,11,9,6,14
"107",230681,"https://sofifa.com/player/230681/giuseppe-pezzella/20/159586","G. Pezzella",21,187,85,"Italy","Udinese",71,83,3900000,7000,"LB, LM","Left",4,3,"Medium/Medium",7400000,"","LM",28,"","2017-07-01",2022,77,52,64,71,67,75,NA,NA,NA,NA,NA,NA,"",72,49,68,69,36,72,50,37,66,71,78,77,67,69,62,67,58,76,77,48,72,64,59,56,45,60,65,70,68,11,14,6,7,13
"108",235794,"https://sofifa.com/player/235794/eberechi-eze/20/159586","E. Eze",21,173,67,"England","Queens Park Rangers",71,82,4100000,5000,"CAM, LM","Right",3,4,"Medium/Medium",8600000,"","LM",10,"","2016-08-03",2021,75,62,63,74,42,64,NA,NA,NA,NA,NA,NA,"Argues with Officials",56,63,49,71,50,76,57,24,61,72,76,75,78,66,75,64,69,73,62,63,58,42,64,68,50,64,35,49,39,10,12,9,14,10
"109",222573,"https://sofifa.com/player/222573/andres-tello/20/159586","A. Tello",22,181,80,"Colombia","Benevento",71,81,3800000,3000,"CM, RB","Right",3,3,"High/High",6800000,"#Engine","RCM",8,"","2018-07-17",2021,86,58,69,75,61,81,NA,NA,NA,NA,NA,NA,"",69,55,61,75,70,75,66,52,69,75,87,86,80,71,66,59,75,87,83,61,71,67,66,62,51,65,56,64,58,9,12,15,7,9
"110",226677,"https://sofifa.com/player/226677/juninho-bacuna/20/159586","J. Bacuna",21,178,74,"Netherlands","Huddersfield Town",71,81,3800000,16000,"CM, CDM","Right",3,3,"Medium/Medium",8000000,"","RCM",7,"","2018-06-20",2021,69,66,70,75,65,73,NA,NA,NA,NA,NA,NA,"Injury Prone, Leadership, Argues with Officials, Crowd Favourite",71,59,61,72,61,77,68,64,72,75,72,67,69,69,64,80,75,71,69,70,84,68,62,68,59,65,68,63,55,6,11,8,14,10
"111",228675,"https://sofifa.com/player/228675/dmitriy-barinov/20/159586","D. Barinov",22,179,72,"Russia","Lokomotiv Moscow",71,81,3500000,1000,"CDM, CB","Right",4,2,"Medium/Medium",8100000,"","LDM",6,"","2013-04-18",2023,67,57,62,62,70,67,NA,NA,NA,NA,NA,NA,"",42,54,64,73,46,60,41,49,70,61,67,67,62,71,69,62,60,77,61,63,71,70,59,66,46,62,71,70,71,10,9,11,15,6
"112",223978,"https://sofifa.com/player/223978/manuel-garcia-alonso/20/159586","Manu García",21,169,65,"Spain","Real Sporting de Gijón",71,80,3700000,5000,"CAM, CM, CDM","Right",4,4,"Medium/Medium",6600000,"#Acrobat","RCM",16,"","2019-07-19",2024,71,54,71,80,37,51,NA,NA,NA,NA,NA,NA,"Leadership, Finesse Shot, Crowd Favourite",70,52,35,70,66,79,79,67,65,78,75,68,90,65,90,55,43,77,41,57,44,38,58,75,49,73,24,49,44,15,14,12,12,12
"113",231113,"https://sofifa.com/player/231113/zelimkhan-bakaev/20/159586","Z. Bakaev",23,180,77,"Russia","Spartak Moscow",71,80,3600000,1000,"RW, LW, RM","Left",3,3,"High/Medium",8800000,"","RM",10,"","2013-07-01",2022,86,67,61,74,32,55,NA,NA,NA,NA,NA,NA,"Argues with Officials",62,69,46,64,48,77,69,41,61,71,87,86,74,64,75,69,49,60,62,67,31,21,66,59,63,64,33,33,29,12,11,14,7,8
"114",241176,"https://sofifa.com/player/241176/lucas-vera/20/159586","L. Vera",22,164,60,"Argentina","Club Atlético Lanús",71,80,3600000,11000,"CM, LW, RW","Right",3,2,"High/Medium",6100000,"","LCM",14,"","2017-06-30",2020,82,55,69,79,51,52,NA,NA,NA,NA,NA,NA,"Finesse Shot, Speed Dribbler (CPU AI Only)",64,47,43,72,49,78,80,47,69,77,87,77,89,67,90,65,59,83,33,64,57,47,61,71,55,57,43,63,58,11,9,15,11,10
"115",244270,"https://sofifa.com/player/244270/nikola-moro/20/159586","N. Moro",21,183,77,"Croatia","Dinamo Zagreb",71,80,3400000,1000,"CDM, CM","Right",5,3,"High/Medium",8100000,"","CDM",27,"","2016-11-21",2023,69,71,72,71,65,70,NA,NA,NA,NA,NA,NA,"Leadership, Argues with Officials",65,66,67,74,64,71,60,70,79,75,71,68,67,67,56,83,47,77,72,72,60,66,65,73,68,74,60,66,68,9,9,10,13,11
"116",231227,"https://sofifa.com/player/231227/niklas-dorsch/20/159586","N. Dorsch",21,178,76,"Germany","1. FC Heidenheim 1846",71,79,3200000,7000,"CDM, CM","Right",3,3,"Medium/Medium",5800000,"","LCM",36,"","2018-07-01",2021,67,49,66,73,67,67,NA,NA,NA,NA,NA,NA,"Injury Prone, Crowd Favourite",55,49,58,75,45,71,47,41,69,75,72,62,80,67,77,55,75,75,61,46,72,65,54,71,32,68,71,68,65,12,9,5,9,5
"117",232080,"https://sofifa.com/player/232080/jack-harrison/20/159586","J. Harrison",22,175,70,"England","Leeds United",71,79,3500000,32000,"LM, RM","Left",2,3,"Medium/Medium",NA,"","LM",22,"Manchester City","",2020,80,64,65,74,39,64,NA,NA,NA,NA,NA,NA,"Beat Offside Trap, Selfish, Crowd Favourite",69,66,43,66,60,74,69,56,60,72,82,78,81,65,80,68,61,77,60,56,59,36,68,64,64,63,37,39,48,11,8,10,6,11
"118",240351,"https://sofifa.com/player/240351/samuel-moutoussamy/20/159586","S. Moutoussamy",22,176,72,"France","FC Nantes",71,79,3400000,14000,"CM, CDM, LW","Left",3,3,"High/Medium",7600000,"","RM",18,"","2017-09-06",2024,74,59,69,75,67,58,NA,NA,NA,NA,NA,NA,"Crowd Favourite",68,58,48,76,62,74,53,47,70,76,77,71,79,60,82,55,41,68,58,64,51,64,64,67,46,66,66,74,69,6,9,14,8,5
"119",213209,"https://sofifa.com/player/213209/kellyn-acosta/20/159586","K. Acosta",23,178,68,"United States","Colorado Rapids",71,78,3300000,5000,"CM, CDM","Right",5,3,"Medium/Medium",5400000,"","RDM",10,"","2018-07-23",2021,77,67,69,72,65,76,NA,NA,NA,NA,NA,NA,"Argues with Officials",68,60,66,71,55,71,77,73,67,72,77,77,74,73,73,79,79,90,68,73,78,66,66,66,66,72,65,67,60,12,7,12,8,7
"120",223231,"https://sofifa.com/player/223231/florin-tanase/20/159586","F. Tănase",24,185,71,"Romania","FCSB (Steaua)",71,78,3300000,9000,"CAM, LM","Right",2,3,"High/Medium",5300000,"","LCM",10,"","2016-08-08",2021,79,66,70,70,35,60,NA,NA,NA,NA,NA,NA,"Skilled Dribbling",71,67,52,71,57,71,59,58,68,68,80,79,80,67,60,70,34,51,68,63,57,43,68,72,69,47,34,28,26,8,16,12,10,7
"121",224796,"https://sofifa.com/player/224796/jorge-rodriguez/20/159586","J. Rodríguez",23,187,84,"Argentina","Club Atlético Banfield",71,78,3000000,8000,"CB, RB","Right",2,2,"Low/High",5100000,"","RCM",30,"","2014-07-01",2021,58,34,45,48,70,74,NA,NA,NA,NA,NA,NA,"",35,30,75,65,28,37,23,26,48,63,52,62,53,66,46,49,83,67,79,24,67,67,44,26,37,53,67,74,66,7,12,15,15,6
"122",231360,"https://sofifa.com/player/231360/jalil-elias/20/159586","J. Elías",23,180,69,"Argentina","Unión de Santa Fe",71,78,3000000,8000,"CDM, CM","Right",2,3,"Medium/Medium",NA,"","RCM",11,"Godoy Cruz","",2020,70,49,64,68,67,71,NA,NA,NA,NA,NA,NA,"",52,39,54,72,38,67,42,41,69,71,68,71,69,67,62,65,64,79,66,59,74,70,48,70,47,69,67,70,67,9,6,13,9,13
"123",236696,"https://sofifa.com/player/236696/anastasios-chatzigiovanis/20/159586","A. Chatzigiovanis",22,175,62,"Greece","Panathinaikos FC",71,78,3300000,1000,"LM, RM","Right",4,3,"High/Medium",8000000,"","LM",11,"","2016-08-24",2020,80,62,67,74,25,61,NA,NA,NA,NA,NA,NA,"Injury Free",70,63,55,67,59,76,63,65,65,71,82,78,76,65,75,64,59,65,57,60,64,25,67,67,55,65,30,12,18,12,8,8,12,6
"124",240095,"https://sofifa.com/player/240095/leo-stulac/20/159586","L. Štulac",24,175,70,"Slovenia","Empoli",71,78,3000000,3000,"CDM, CM","Right",3,2,"Medium/Medium",5500000,"","RCM",37,"","2019-07-26",2023,70,64,67,66,68,69,NA,NA,NA,NA,NA,NA,"",60,52,55,71,67,60,70,66,66,71,69,71,74,66,73,76,64,72,69,78,67,72,70,68,50,61,64,73,72,13,5,12,13,15
"125",244186,"https://sofifa.com/player/244186/lucas-lima-linhares/20/159586","Luquinhas",22,167,67,"Brazil","Legia Warszawa",71,78,3300000,7000,"LW","Right",2,3,"High/Medium",5300000,"#Acrobat","LM",82,"","2019-07-04",2022,81,64,65,76,30,55,NA,NA,NA,NA,NA,NA,"Selfish, Early Crosser",58,64,38,70,59,73,69,44,58,72,82,81,93,73,91,74,32,73,56,57,35,33,66,72,51,77,20,37,29,6,12,8,12,13
"126",240787,"https://sofifa.com/player/240787/hamed-junior-traore/20/159586","H. Traorè",19,172,65,"Ivory Coast","Sassuolo",70,86,3800000,14000,"CAM, CM","Right",3,3,"High/Medium",NA,"","RCM",23,"Empoli","",2021,66,66,68,73,56,61,NA,NA,NA,NA,NA,NA,"",66,66,62,71,64,73,65,64,67,73,65,67,78,68,65,73,71,68,58,63,55,46,62,66,61,66,59,57,60,8,10,14,12,11
"127",246618,"https://sofifa.com/player/246618/adam-hlozek/20/159586","A. Hložek",16,185,80,"Czech Republic","Sparta Praha",70,86,3500000,1000,"RW, ST, RM","Right",3,3,"High/Medium",9900000,"","RM",20,"","2018-01-01",2022,74,68,66,74,30,73,NA,NA,NA,NA,NA,NA,"Argues with Officials, Crowd Favourite",68,67,73,65,66,74,64,61,62,75,73,74,70,68,72,70,70,71,75,68,69,26,68,68,61,69,25,24,23,11,10,9,11,10
"128",238581,"https://sofifa.com/player/238581/ruben-vargas/20/159586","R. Vargas",20,174,68,"Switzerland","FC Augsburg",70,85,3900000,10000,"RM, LM","Left",3,3,"High/Medium",9100000,"","LM",16,"","2019-07-01",2024,80,65,64,71,53,63,NA,NA,NA,NA,NA,NA,"",68,65,55,67,62,68,59,48,64,68,84,77,89,63,86,67,50,78,62,64,49,48,65,60,62,61,59,51,45,12,7,5,6,11
"129",242997,"https://sofifa.com/player/242997/linton-maina/20/159586","L. Maina",20,173,70,"Germany","Hannover 96",70,83,3400000,12000,"LM, RM","Right",3,3,"Medium/Medium",7600000,"","RM",11,"","2018-02-09",2022,85,55,64,76,25,48,NA,NA,NA,NA,NA,NA,"",64,58,44,66,55,75,63,43,60,74,87,84,85,65,87,55,54,64,44,49,38,19,57,70,44,63,26,23,22,14,12,14,7,8
"130",242079,"https://sofifa.com/player/242079/kristijan-bistrovic/20/159586","K. Bistrović",21,183,75,"Croatia","PFC CSKA Moscow",70,82,3000000,1000,"CDM, CM","Right",3,3,"Medium/Medium",7100000,"","LCM",25,"","2018-01-12",2022,67,56,69,68,69,62,NA,NA,NA,NA,NA,NA,"",63,55,62,74,64,72,47,47,71,66,64,69,54,68,61,66,57,67,59,53,65,63,40,75,49,60,70,72,71,10,7,6,7,10
"131",244280,"https://sofifa.com/player/244280/adrian-fein/20/159586","A. Fein",20,187,78,"Germany","Hamburger SV",70,82,3100000,6000,"CM, CDM","Right",4,3,"Medium/Medium",NA,"","CDM",29,"FC Bayern München","",2020,64,56,65,71,63,70,NA,NA,NA,NA,NA,NA,"",52,56,65,75,48,71,52,48,74,75,63,64,66,62,67,56,65,74,73,59,61,64,54,62,47,65,54,70,68,10,8,12,12,6
"132",234795,"https://sofifa.com/player/234795/antoine-bernede/20/159586","A. Bernede",20,177,74,"France","FC Red Bull Salzburg",70,81,3000000,14000,"CM, CDM, CAM","Left",3,3,"Medium/Medium",5100000,"","LCM",28,"","2019-02-06",2022,65,55,65,71,66,71,NA,NA,NA,NA,NA,NA,"",51,49,47,74,52,69,59,58,64,73,61,69,72,68,75,65,44,71,73,58,72,64,64,69,59,67,68,71,64,9,15,11,6,15
"133",241607,"https://sofifa.com/player/241607/tomas-belmonte/20/159586","T. Belmonte",21,178,68,"Argentina","Club Atlético Lanús",70,81,3000000,8000,"CM, CDM","Right",4,3,"High/Medium",5100000,"","RCM",13,"","2017-10-28",2020,71,60,63,69,68,76,NA,NA,NA,NA,NA,NA,"",58,57,81,71,58,68,53,42,66,72,69,72,68,68,66,68,79,82,70,58,82,71,72,59,59,69,58,73,65,6,12,9,5,12
"134",241783,"https://sofifa.com/player/241783/keaton-parks/20/159586","K. Parks",21,191,81,"United States","New York City FC",70,81,3000000,4000,"CM, CDM","Right",3,3,"Medium/Medium",NA,"","CM",55,"SL Benfica","",2019,43,62,65,68,64,70,NA,NA,NA,NA,NA,NA,"",60,63,67,70,41,69,47,52,68,73,48,38,58,69,47,68,43,68,72,59,73,67,69,67,54,74,58,66,62,7,8,11,7,12
"135",230686,"https://sofifa.com/player/230686/jean-victor-makengo/20/159586","J. Makengo",21,177,75,"France","Toulouse Football Club",70,80,2800000,11000,"CM","Left",3,3,"High/High",NA,"","LCM",27,"OGC Nice","",2020,68,64,71,71,67,65,NA,NA,NA,NA,NA,NA,"",70,62,69,76,69,72,65,61,70,74,69,67,63,60,69,66,59,68,64,65,64,61,63,66,59,68,64,73,71,8,9,9,8,9
"136",234640,"https://sofifa.com/player/234640/bakery-jatta/20/159586","B. Jatta",21,184,79,"Gambia","Hamburger SV",70,80,2900000,6000,"LM, RM, ST","Right",3,3,"Medium/Medium",5200000,"","RM",18,"","2016-07-01",2024,87,66,60,71,33,72,NA,NA,NA,NA,NA,NA,"Early Crosser, Speed Dribbler (CPU AI Only)",67,70,52,65,59,75,53,49,48,67,83,90,69,58,62,77,61,77,75,49,63,22,73,58,61,64,29,37,32,6,11,8,9,9
"137",234728,"https://sofifa.com/player/234728/laszlo-benes/20/159586","L. Bénes",21,181,72,"Slovakia","Borussia Mönchengladbach",70,80,2900000,11000,"CAM, CM","Left",3,3,"Medium/Medium",5500000,"","LCM",22,"","2016-07-01",2021,65,68,72,71,35,56,NA,NA,NA,NA,NA,NA,"Argues with Officials, Speed Dribbler (CPU AI Only)",76,62,38,74,75,70,78,72,66,72,67,64,76,60,77,78,59,60,57,74,49,28,62,69,50,56,35,33,47,12,10,9,9,9
"138",236817,"https://sofifa.com/player/236817/habib-maiga/20/159586","H. Maïga",23,181,80,"Ivory Coast","FC Metz",70,80,2600000,8000,"CDM, CM","Right",3,3,"Medium/Medium",5800000,"","CDM",19,"","2019-06-28",2022,72,52,61,66,70,77,NA,NA,NA,NA,NA,NA,"",56,44,72,68,40,65,51,40,64,70,70,73,59,64,69,64,80,72,79,62,78,70,41,60,57,61,70,71,67,8,8,10,15,10
"139",244624,"https://sofifa.com/player/244624/alejandro-lopez-moreno/20/159586","Alex López",22,176,68,"Spain","CD Lugo",70,80,2800000,5000,"CM","Right",3,3,"Medium/Medium",NA,"","RDM",18,"RCD Espanyol","",2020,63,53,66,71,58,57,NA,NA,NA,NA,NA,NA,"",52,55,51,76,44,69,50,40,72,75,59,67,67,70,73,52,54,61,58,51,50,58,66,68,45,64,62,57,52,14,8,7,12,9
"140",220175,"https://sofifa.com/player/220175/olivier-kemen/20/159586","O. Kemen",22,177,76,"France","Chamois Niortais Football Club",70,79,2700000,4000,"CM, CDM","Right",3,3,"Medium/High",5300000,"","CDM",8,"","2019-07-03",2022,74,64,65,71,66,78,NA,NA,NA,NA,NA,NA,"",55,61,64,71,51,72,52,53,69,71,75,74,73,63,74,74,81,80,78,66,75,68,57,69,57,68,60,68,72,16,9,6,11,9
"141",237844,"https://sofifa.com/player/237844/ayaz-guliev/20/159586","A. Guliev",23,169,63,"Russia","Spartak Moscow",70,79,2700000,1000,"CM, CDM","Right",4,3,"High/Medium",6500000,"","LDM",7,"","2019-01-23",2023,75,61,69,74,65,60,NA,NA,NA,NA,NA,NA,"Argues with Officials",67,58,51,76,47,73,42,55,72,73,78,73,81,68,87,69,59,67,51,67,74,69,55,66,51,55,68,63,67,15,8,12,13,8
"142",238392,"https://sofifa.com/player/238392/elisha-owusu/20/159586","E. Owusu",21,182,72,"France","KAA Gent",70,79,2500000,8000,"CDM, CM","Right",3,2,"Medium/Medium",4300000,"","CDM",6,"","2019-07-01",2023,68,51,65,70,68,71,NA,NA,NA,NA,NA,NA,"",58,44,57,72,56,69,56,45,68,73,65,70,67,66,72,63,69,67,73,52,71,70,55,63,50,65,71,68,65,12,10,5,12,9
"143",243001,"https://sofifa.com/player/243001/alexandru-cicaldau/20/159586","A. Cicâldău",21,178,76,"Romania","Universitatea Craiova",70,79,2700000,5000,"CM, CDM","Right",3,3,"Medium/Medium",4200000,"","LCM",10,"","2018-07-06",2022,71,55,71,68,62,81,NA,NA,NA,NA,NA,NA,"Selfish",70,54,61,72,36,65,71,69,68,70,70,72,71,69,77,63,85,91,76,55,79,63,62,73,49,70,61,63,60,5,8,14,10,14
"144",213697,"https://sofifa.com/player/213697/paddy-mcnair/20/159586","P. McNair",24,183,72,"Northern Ireland","Middlesbrough",70,78,2400000,15000,"CDM, CM, CB","Right",3,3,"Medium/Medium",5000000,"","RCM",17,"","2018-06-26",2022,62,56,59,65,72,71,NA,NA,NA,NA,NA,NA,"",43,53,70,68,45,66,49,36,66,66,63,62,58,69,63,66,78,61,74,58,74,71,58,62,43,66,72,72,72,14,8,11,8,14
"145",233034,"https://sofifa.com/player/233034/juan-andrada/20/159586","J. Andrada",24,183,77,"Argentina","Godoy Cruz",70,78,2400000,6000,"CDM, CM","Right",3,3,"Medium/Medium",4000000,"","RCM",30,"","2016-01-04",2021,53,48,65,65,68,70,NA,NA,NA,NA,NA,NA,"Finesse Shot",61,40,56,72,40,64,55,64,64,68,53,53,62,68,57,59,65,72,70,60,70,72,32,62,47,68,65,71,68,14,15,13,13,10
"146",233290,"https://sofifa.com/player/233290/rifat-zhemaletdinov/20/159586","R. Zhemaletdinov",22,184,80,"Russia","Lokomotiv Moscow",70,78,2600000,1000,"RM, ST, LM","Right",3,3,"Medium/Low",6000000,"","RM",17,"","2018-07-01",2023,80,63,62,74,33,61,NA,NA,NA,NA,NA,NA,"",64,64,55,64,60,78,55,58,59,70,77,82,70,68,73,68,49,65,65,56,51,33,71,60,59,63,26,33,32,15,11,6,13,10
"147",237257,"https://sofifa.com/player/237257/jackson-yueill/20/159586","J. Yueill",22,178,71,"United States","San Jose Earthquakes",70,78,2600000,4000,"CM, CDM","Right",2,3,"High/High",4400000,"","RDM",14,"","2017-01-13",2019,63,57,68,69,58,66,NA,NA,NA,NA,NA,NA,"Leadership",58,53,51,73,59,68,64,60,74,71,65,61,67,73,68,69,52,83,59,51,66,58,62,70,56,76,63,57,48,11,13,14,8,11
"148",227900,"https://sofifa.com/player/227900/nicolas-tripichio/20/159586","N. Tripichio",23,175,61,"Argentina","Defensa y Justicia",70,77,2200000,6000,"RB, RM","Right",3,2,"Medium/Medium",3800000,"","RM",19,"","2018-07-23",2021,83,47,62,70,64,69,NA,NA,NA,NA,NA,NA,"",63,45,67,71,41,70,51,45,61,67,84,83,79,63,85,57,73,84,65,41,59,71,57,55,49,53,57,63,67,15,14,13,9,7
"149",235389,"https://sofifa.com/player/235389/carlos-rodriguez/20/159586","C. Rodríguez",22,176,66,"Mexico","Monterrey",70,77,2500000,18000,"CM, CDM","Right",3,3,"High/Medium",4400000,"","RDM",29,"","2016-06-08",2021,77,59,69,73,52,63,NA,NA,NA,NA,NA,NA,"Finesse Shot",60,58,50,77,50,71,53,59,72,74,77,77,78,66,76,64,64,72,72,58,31,55,61,70,62,59,45,62,36,12,15,11,8,10
"150",243862,"https://sofifa.com/player/243862/james-igbekeme/20/159586","J. Igbekeme",23,170,66,"Nigeria","Real Zaragoza",70,77,2500000,5000,"CM, LM, CDM","Left",2,3,"Medium/Medium",4400000,"","LDM",12,"","2018-07-02",2022,73,57,68,71,66,79,NA,NA,NA,NA,NA,NA,"Selfish",67,54,49,70,59,67,58,70,68,70,76,71,80,71,89,67,63,87,83,50,65,73,66,69,64,74,68,69,54,14,6,10,14,13
"151",233222,"https://sofifa.com/player/233222/kamil-jozwiak/20/159586","K. Jóźwiak",21,176,70,"Poland","Lech Poznań",69,84,2300000,4000,"LM, RM","Right",3,3,"High/Medium",4600000,"","LM",7,"","2016-01-14",2021,90,57,62,68,41,69,NA,NA,NA,NA,NA,NA,"",65,63,41,66,49,65,49,34,60,68,87,92,78,60,79,61,53,72,72,41,62,31,63,63,52,64,47,44,35,10,14,8,9,13
"152",242280,"https://sofifa.com/player/242280/lewis-ferguson/20/159586","L. Ferguson",19,180,75,"Scotland","Aberdeen",69,84,2200000,3000,"CM, CDM, CAM","Right",3,3,"Medium/Medium",5300000,"","RDM",19,"","2018-07-01",2024,71,63,68,69,58,73,NA,NA,NA,NA,NA,NA,"",61,63,68,73,65,68,63,63,69,68,72,71,79,61,76,64,70,75,74,64,70,55,63,70,44,69,53,63,57,6,11,6,14,14
"153",240241,"https://sofifa.com/player/240241/bastien-toma/20/159586","B. Toma",20,174,65,"Switzerland","FC Sion",69,83,2300000,11000,"CM, CDM","Right",3,3,"Medium/Medium",4700000,"","LDM",24,"","2017-07-23",2020,64,63,66,68,63,69,NA,NA,NA,NA,NA,NA,"",55,62,54,70,55,64,56,62,68,69,66,63,80,67,83,61,64,72,69,71,65,66,65,71,54,64,64,64,64,8,9,11,7,14
"154",240658,"https://sofifa.com/player/240658/sofian-kiyine/20/159586","S. Kiyine",21,182,75,"Morocco","US Salernitana 1919",69,82,2000000,2000,"CM, RM","Right",3,4,"Medium/Medium",NA,"","RM",13,"Lazio","",2020,72,57,65,76,64,59,NA,NA,NA,NA,NA,NA,"",62,52,62,70,48,78,60,49,67,76,69,75,75,65,69,63,56,71,56,65,54,65,62,64,52,60,60,67,66,8,8,12,15,8
"155",228517,"https://sofifa.com/player/228517/andy-rinomhota/20/159586","A. Rinomhota",22,179,70,"England","Reading",69,81,1700000,8000,"CDM, CM","Right",3,3,"Medium/Medium",3700000,"","RDM",8,"","2015-04-03",2022,80,51,61,73,69,73,NA,NA,NA,NA,NA,NA,"",57,51,65,70,48,73,57,35,59,71,79,80,78,69,73,52,66,81,72,52,65,67,54,59,45,68,69,71,68,13,8,12,13,9
"156",232192,"https://sofifa.com/player/232192/christopher-martins/20/159586","C. Martins",22,187,80,"Luxembourg","BSC Young Boys",69,81,1700000,8000,"CDM, CM","Right",3,3,"Medium/High",3000000,"","RCM",35,"","2019-07-01",2023,53,53,62,63,67,74,NA,NA,NA,NA,NA,NA,"",52,52,65,73,47,61,47,39,68,67,52,53,56,61,67,65,59,85,72,45,67,65,57,58,45,60,69,67,65,7,6,6,13,13
"157",237324,"https://sofifa.com/player/237324/vlad-mihai-dragomir/20/159586","V. Dragomir",20,178,67,"Romania","Perugia",69,81,1900000,2000,"CM, CAM","Left",3,3,"High/Medium",3300000,"","LCM",10,"","2018-08-08",2021,75,65,68,73,56,60,NA,NA,NA,NA,NA,NA,"Selfish, Early Crosser, Finesse Shot",63,65,59,71,64,73,67,67,64,72,74,75,74,68,73,67,73,73,56,62,50,56,69,71,62,61,56,54,55,11,7,11,14,10
"158",240201,"https://sofifa.com/player/240201/ignacio-mendez-fernandez/20/159586","Nacho Méndez",21,179,77,"Spain","Real Sporting de Gijón",69,81,1900000,4000,"CM, CDM","Left",4,3,"Medium/Medium",3300000,"","LCM",14,"","2017-07-01",2021,67,58,70,69,53,66,NA,NA,NA,NA,NA,NA,"Finesse Shot",68,57,44,71,54,68,66,70,68,70,68,66,73,67,74,62,54,75,64,56,65,56,67,71,56,69,52,55,52,8,13,10,6,8
"159",236898,"https://sofifa.com/player/236898/michel-aebischer/20/159586","M. Aebischer",22,185,76,"Switzerland","BSC Young Boys",69,80,1800000,9000,"CM, CDM","Right",4,3,"Medium/Medium",3000000,"","LCM",20,"","2015-07-01",2021,69,62,68,69,61,66,NA,NA,NA,NA,NA,NA,"Beat Offside Trap",66,65,57,70,46,68,64,63,66,70,71,67,73,66,68,65,65,76,64,61,60,60,63,70,50,62,61,62,59,10,9,15,9,15
"160",239452,"https://sofifa.com/player/239452/ibrahima-diallo/20/159586","I. Diallo",20,179,68,"France","Stade Brestois 29",69,80,1700000,6000,"CDM, CM","Right",3,2,"High/High",3700000,"","LCM",6,"","2019-07-08",2023,71,51,62,65,67,66,NA,NA,NA,NA,NA,NA,"",50,47,59,69,36,63,52,39,68,65,76,66,73,64,78,55,61,73,59,54,78,70,57,67,64,58,67,68,67,8,9,8,14,6
"161",239696,"https://sofifa.com/player/239696/florent-muslija/20/159586","F. Muslija",20,172,65,"Germany","Hannover 96",69,80,1800000,10000,"LM, RM","Right",3,4,"High/High",3300000,"#Acrobat","LM",35,"","2018-08-31",2022,78,55,63,77,30,50,NA,NA,NA,NA,NA,NA,"Argues with Officials",63,54,38,64,54,77,70,71,57,73,80,76,90,63,92,55,67,84,36,59,36,32,54,63,41,57,27,28,33,13,14,7,6,5
"162",221841,"https://sofifa.com/player/221841/adam-armstrong/20/159586","A. Armstrong",22,172,69,"England","Blackburn Rovers",69,79,1700000,9000,"LM, RM, ST","Right",3,3,"High/Medium",3500000,"","LM",7,"","2018-08-06",2022,86,68,60,72,33,65,NA,NA,NA,NA,NA,NA,"Early Crosser",57,70,57,63,56,71,68,61,57,67,90,83,83,65,90,66,86,71,54,67,78,36,69,59,68,66,36,23,25,10,13,13,12,7
"163",233484,"https://sofifa.com/player/233484/allan-campbell/20/159586","A. Campbell",20,175,74,"Scotland","Motherwell",69,79,1700000,3000,"CM, CDM","Right",2,2,"Medium/High",3300000,"","LCM",6,"","2014-07-01",2021,71,52,62,66,71,75,NA,NA,NA,NA,NA,NA,"",47,49,58,71,48,62,55,47,63,69,70,71,67,73,77,58,62,90,69,55,75,73,55,64,53,69,72,73,70,13,14,8,15,7
"164",234789,"https://sofifa.com/player/234789/yan-brice-eteki/20/159586","Y. Eteki",21,182,76,"Cameroon","Granada CF",69,79,1600000,6000,"CDM, CM","Right",3,2,"Medium/High",3800000,"","RDM",8,"","2019-07-18",2022,68,56,64,67,64,72,NA,NA,NA,NA,NA,NA,"",51,50,44,74,37,63,48,42,70,70,65,70,74,64,77,71,82,71,75,60,62,69,54,66,52,72,63,68,60,11,11,7,6,12
"165",228082,"https://sofifa.com/player/228082/dzenis-burnic/20/159586","D. Burnić",21,181,70,"Germany","SG Dynamo Dresden",69,78,1500000,6000,"CDM, CB","Left",3,3,"Medium/Medium",NA,"","RCM",5,"Borussia Dortmund","",2020,68,48,66,71,63,66,NA,NA,NA,NA,NA,NA,"",58,45,49,74,47,68,46,39,68,73,69,68,75,68,74,58,70,72,63,40,63,63,53,68,55,58,65,66,63,10,11,10,9,11
"166",231044,"https://sofifa.com/player/231044/joe-aribo/20/159586","J. Aribo",22,183,76,"England","Rangers FC",69,78,1600000,20000,"CM, CAM","Left",3,3,"Medium/Medium",3200000,"","LCM",17,"","2019-07-01",2023,82,54,67,71,60,66,NA,NA,NA,NA,NA,NA,"",54,58,51,74,40,70,63,59,70,70,79,85,81,62,66,57,58,75,67,46,54,55,66,70,45,64,64,63,58,14,13,11,5,7
"167",234048,"https://sofifa.com/player/234048/eric-ocansey/20/159586","E. Ocansey",21,173,71,"Ghana","KV Kortrijk",69,78,1600000,5000,"RM","Left",4,3,"Medium/Medium",2800000,"#Acrobat","RM",51,"","2019-07-18",2023,86,65,60,74,26,58,NA,NA,NA,NA,NA,NA,"Power Free-Kick, Argues with Officials, Early Crosser, Crowd Favourite",57,60,49,63,65,74,67,42,58,69,89,84,91,66,81,77,90,69,52,71,52,27,66,60,44,70,21,22,26,10,10,6,13,9
"168",239950,"https://sofifa.com/player/239950/pedro-filipe-rodrigues/20/159586","Pêpê",22,183,69,"Portugal","Vitória Guimarães",69,78,1600000,5000,"CM, CDM","Right",3,3,"Medium/Medium",3700000,"","LCM",88,"","2019-07-16",2024,61,50,66,68,62,68,NA,NA,NA,NA,NA,NA,"",58,38,60,71,37,68,48,50,73,71,64,59,62,71,61,63,65,71,67,62,68,63,59,69,52,75,62,62,60,13,12,9,14,9
"169",241238,"https://sofifa.com/player/241238/jessy-deminguet/20/159586","J. Deminguet",21,178,74,"France","Stade Malherbe Caen",69,78,1600000,4000,"CM, CDM","Left",3,3,"Medium/Medium",3200000,"","RCM",8,"","2017-07-01",2023,70,53,70,70,60,63,NA,NA,NA,NA,NA,NA,"Giant Throw-in",65,43,63,74,58,68,65,72,67,72,69,70,72,65,72,66,51,72,57,57,68,62,65,70,57,60,56,63,60,11,13,11,11,11
"170",241509,"https://sofifa.com/player/241509/mauro-jaqueson-j-ferreira-santos/20/159586","Mauro Júnior",20,171,62,"Brazil","Heracles Almelo",69,78,1600000,3000,"CAM, LM","Left",3,4,"High/Medium",NA,"","LM",10,"PSV","",2020,80,63,64,75,45,41,NA,NA,NA,NA,NA,NA,"",62,58,45,64,62,75,73,74,52,74,83,77,86,62,73,69,50,65,31,67,34,43,57,72,68,66,48,45,38,7,14,6,13,8
"171",245598,"https://sofifa.com/player/245598/iddrisu-baba/20/159586","I. Baba",23,182,75,"Ghana","RCD Mallorca",69,78,1500000,9000,"CDM, CM","Right",4,2,"Medium/High",3600000,"","CDM",12,"","2018-07-01",2024,64,49,60,57,67,75,NA,NA,NA,NA,NA,NA,"",43,46,63,70,42,54,46,48,66,64,65,63,49,62,63,56,60,77,76,52,75,68,43,59,52,49,62,71,68,10,9,10,14,6
"172",220529,"https://sofifa.com/player/220529/luca-palmiero/20/159586","L. Palmiero",23,177,74,"Italy","Pescara",69,77,1500000,2000,"CM","Right",3,3,"Medium/Medium",NA,"","CM",20,"Napoli","",2020,63,64,70,69,61,61,NA,NA,NA,NA,NA,NA,"Finesse Shot",66,62,56,74,64,70,67,69,69,73,63,63,66,62,56,69,66,69,56,62,64,61,65,68,64,68,66,59,56,15,6,12,7,7
"173",229649,"https://sofifa.com/player/229649/gabriel-suazo/20/159586","G. Suazo",21,175,67,"Chile","Colo-Colo",69,77,1500000,3000,"CM, LM, LB","Left",3,3,"Medium/Medium",2500000,"","LCM",17,"","2015-07-01",2020,70,62,63,72,64,73,NA,NA,NA,NA,NA,NA,"",65,64,58,67,38,70,35,55,66,72,70,70,78,70,78,64,69,82,73,65,63,61,66,62,53,65,65,67,63,14,7,11,12,9
"174",230794,"https://sofifa.com/player/230794/ignacio-gil/20/159586","Nacho Gil",23,170,69,"Spain","SD Ponferradina",69,77,1500000,4000,"LM, RM, CM","Right",4,3,"High/Low",2700000,"","LDM",15,"","2019-07-19",2020,78,64,66,71,29,43,NA,NA,NA,NA,NA,NA,"Early Crosser",66,66,30,67,47,71,68,62,62,70,80,76,73,63,82,62,36,52,37,65,50,30,64,67,59,62,33,25,27,5,8,7,14,14
"175",231524,"https://sofifa.com/player/231524/tomas-pochettino/20/159586","T. Pochettino",23,178,71,"Argentina","Club Atlético Talleres",69,77,1500000,7000,"CM, CAM, RM","Right",3,3,"Medium/Medium",2600000,"","LCM",32,"","2019-07-03",2021,58,50,72,71,58,66,NA,NA,NA,NA,NA,NA,"",74,43,49,71,45,75,72,73,65,70,59,58,63,61,65,53,69,75,67,58,51,53,62,78,54,64,58,64,60,9,13,11,14,11
"176",235123,"https://sofifa.com/player/235123/andres-iniestra/20/159586","A. Iniestra",23,176,79,"Mexico","U.N.A.M.",69,77,1500000,9000,"CM, CDM","Left",3,3,"Medium/Medium",2900000,"","CM",10,"","2014-07-01",2022,55,53,66,66,66,69,NA,NA,NA,NA,NA,NA,"",62,47,55,72,32,63,39,45,67,70,52,57,61,72,66,65,62,72,71,60,62,71,55,70,48,54,65,69,64,10,9,9,7,5
"177",237184,"https://sofifa.com/player/237184/keidi-bare/20/159586","K. Bare",21,174,72,"Albania","Málaga CF",69,77,1500000,4000,"CM, CDM","Right",3,3,"Medium/Medium",2800000,"","RCM",35,"","2018-08-31",2021,68,57,65,69,63,67,NA,NA,NA,NA,NA,NA,"",58,59,57,73,42,68,53,43,71,71,70,67,70,67,75,55,58,69,68,58,66,64,61,64,45,63,67,62,62,13,12,11,11,13
"178",239894,"https://sofifa.com/player/239894/rominigue-kouame/20/159586","R. Kouamé",22,177,68,"Mali","KSV Cercle Brugge",69,77,1400000,6000,"CDM, CM","Left",2,3,"Medium/High",NA,"","RCM",19,"LOSC Lille","",2020,71,50,67,67,64,68,NA,NA,NA,NA,NA,NA,"",64,46,57,72,37,66,54,40,72,67,68,73,71,64,73,57,68,72,66,50,70,71,61,68,50,64,63,64,61,8,6,6,11,11
"179",216463,"https://sofifa.com/player/216463/hamza-sakhi/20/159586","H. Sakhi",23,173,68,"Morocco","AJ Auxerre",69,76,1500000,3000,"CAM, RM, CM","Right",3,3,"High/Low",2900000,"","LM",21,"","2018-04-16",2021,71,64,66,70,55,51,NA,NA,NA,NA,NA,NA,"Crowd Favourite",62,67,35,69,57,69,67,68,65,70,71,71,73,66,69,61,57,66,45,60,46,59,68,66,66,68,56,58,57,9,13,12,16,11
"180",218880,"https://sofifa.com/player/218880/sulayman-marreh/20/159586","S. Marreh",23,186,78,"Gambia","KAS Eupen",69,76,1300000,5000,"CDM, CM","Right",3,2,"Low/High",2300000,"","LDM",6,"","2019-03-19",2021,39,31,55,54,68,77,NA,NA,NA,NA,NA,NA,"",34,22,51,66,24,46,27,40,64,64,42,36,56,64,66,50,61,72,79,29,83,68,27,60,47,67,70,73,66,14,9,12,12,9
"181",225071,"https://sofifa.com/player/225071/ben-whiteman/20/159586","B. Whiteman",23,185,68,"England","Doncaster Rovers",69,76,1300000,5000,"CDM","Right",3,3,"Medium/Medium",2600000,"","RDM",8,"","2018-01-11",2021,71,60,65,67,63,74,NA,NA,NA,NA,NA,NA,"",57,61,55,70,49,65,56,56,70,68,73,70,74,63,76,57,68,83,71,64,70,65,63,65,64,66,64,64,62,8,7,8,6,6
"182",232090,"https://sofifa.com/player/232090/giorgi-aburjania/20/159586","G. Aburjania",24,186,75,"Georgia","FC Twente",69,76,1300000,4000,"CDM, CM","Right",5,3,"Medium/Medium",NA,"","CDM",21,"Sevilla FC","",2021,62,60,68,67,66,67,NA,NA,NA,NA,NA,NA,"",66,59,56,71,47,66,62,58,68,73,59,65,60,67,64,65,66,64,68,65,70,69,59,70,49,71,65,70,59,8,7,7,6,11
"183",238839,"https://sofifa.com/player/238839/lewis-wing/20/159586","L. Wing",24,181,75,"England","Middlesbrough",69,76,1500000,14000,"CM, CAM","Right",3,3,"Medium/Medium",3100000,"","LCM",26,"","2017-06-28",2022,68,63,67,70,57,67,NA,NA,NA,NA,NA,NA,"Argues with Officials",62,61,45,68,44,68,65,64,64,73,69,67,73,70,74,72,67,75,65,67,61,59,63,74,45,68,53,64,56,13,12,15,13,12
"184",251294,"https://sofifa.com/player/251294/goncalo-rosa-pereira-rodrigues/20/159586","Guga Rodrigues",21,168,63,"Portugal","Famalicão",69,76,1500000,5000,"CM, CDM, CAM","Right",3,2,"Medium/Medium",3400000,"","RCM",6,"","2019-07-01",2022,67,56,63,70,62,59,NA,NA,NA,NA,NA,NA,"",48,47,57,71,38,67,57,65,67,70,69,65,76,75,84,73,75,79,45,63,66,61,60,63,64,69,60,66,65,15,7,13,12,8
"185",242530,"https://sofifa.com/player/242530/noah-okafor/20/159586","N. Okafor",19,185,85,"Switzerland","FC Basel 1893",68,84,1900000,6000,"RM, LM","Right",4,3,"Medium/Medium",4100000,"","RM",11,"","2018-01-31",2023,80,60,60,73,32,67,NA,NA,NA,NA,NA,NA,"",69,54,60,64,51,74,72,43,43,72,78,81,79,63,68,70,63,71,70,68,53,20,62,57,54,54,40,25,20,14,14,11,6,5
"186",234229,"https://sofifa.com/player/234229/ross-mccrorie/20/159586","R. McCrorie",21,191,80,"Scotland","Portsmouth",68,83,1900000,4000,"CDM, CB, RB","Right",3,2,"Medium/High",NA,"","RDM",15,"Rangers FC","",2020,80,35,55,62,68,79,NA,NA,NA,NA,NA,NA,"Injury Prone",49,31,67,66,30,59,49,30,60,63,79,81,68,64,66,49,72,80,78,33,80,69,43,44,29,59,66,69,72,10,5,11,10,7
"187",243016,"https://sofifa.com/player/243016/alberto-soro-alvarez/20/159586","Alberto Soro",20,173,63,"Spain","Real Zaragoza",68,82,2000000,3000,"RM, CAM","Left",3,3,"Medium/Medium",NA,"","RM",9,"Real Madrid","",2020,67,63,65,68,44,58,NA,NA,NA,NA,NA,NA,"Beat Offside Trap",58,65,49,69,55,67,59,57,67,68,68,67,73,66,73,66,52,67,60,61,45,32,68,69,53,62,44,47,56,12,11,9,11,13
"188",241931,"https://sofifa.com/player/241931/franco-moyano/20/159586","F. Moyano",21,171,72,"Argentina","Argentinos Juniors",68,81,1700000,4000,"CM, CDM","Right",3,3,"Medium/High",NA,"","RCM",17,"San Lorenzo de Almagro","",2019,68,52,66,68,64,69,NA,NA,NA,NA,NA,NA,"",61,51,62,75,41,67,44,46,72,69,67,69,68,63,74,61,68,72,67,48,68,59,57,63,53,67,65,67,62,12,6,13,14,15
"189",248386,"https://sofifa.com/player/248386/gustavo-enrique-assuncao-da-silva/20/159586","Gustavo Assunção",19,178,66,"Brazil","Famalicão",68,81,1600000,3000,"CDM, CM","Right",3,3,"Medium/Medium",4300000,"","CDM",12,"","2019-07-01",2024,62,51,63,62,64,68,NA,NA,NA,NA,NA,NA,"",50,43,54,68,56,59,58,63,67,64,65,60,67,73,66,66,63,78,63,55,70,63,56,64,42,62,64,68,59,6,7,10,7,13
"190",238580,"https://sofifa.com/player/238580/idriz-voca/20/159586","I. Voca",22,181,74,"Kosovo","FC Luzern",68,80,1500000,5000,"CDM","Right",3,2,"Medium/High",2400000,"","RDM",42,"","2017-07-01",2021,62,49,59,64,68,67,NA,NA,NA,NA,NA,NA,"",46,52,59,66,41,62,39,47,64,67,59,64,66,65,69,47,76,72,68,46,58,64,51,62,48,64,73,70,68,15,9,14,13,11
"191",244393,"https://sofifa.com/player/244393/gonzalo-villar-del-fraile/20/159586","Gonzalo Villar",21,181,74,"Spain","Elche CF",68,80,1600000,2000,"CM, CDM","Right",3,3,"Medium/Medium",2800000,"","RDM",8,"","2018-07-09",2021,69,56,68,68,53,65,NA,NA,NA,NA,NA,NA,"",56,54,45,74,49,65,64,61,68,73,67,71,70,62,71,63,56,79,62,58,59,54,56,70,53,64,58,50,52,12,11,13,8,6
"192",237749,"https://sofifa.com/player/237749/daiki-suga/20/159586","D. Suga",20,171,69,"Japan","Hokkaido Consadole Sapporo",68,78,1500000,2000,"LM, LWB, LB","Left",4,3,"High/Medium",2100000,"","LM",4,"","2017-01-01",2022,69,56,66,68,58,66,NA,NA,NA,NA,NA,NA,"",70,58,54,69,58,68,65,56,63,67,67,71,67,65,74,61,61,81,68,54,44,55,58,63,30,64,63,58,48,8,6,10,5,7
"193",239671,"https://sofifa.com/player/239671/jose-antonio-morente-oliva/20/159586","Tete Morente",22,180,76,"Spain","CD Lugo",68,78,1400000,4000,"LM, RM","Right",3,3,"Medium/Low",2500000,"","LM",11,"","2019-07-01",2022,84,66,63,71,43,66,NA,NA,NA,NA,NA,NA,"Early Crosser, Crowd Favourite",61,67,59,60,59,73,63,69,66,68,88,80,81,56,56,68,64,65,67,65,63,45,60,64,59,57,49,35,28,13,9,7,11,10
"194",241002,"https://sofifa.com/player/241002/emmanuel-sabbi/20/159586","E. Sabbi",21,178,70,"United States","Hobro IK",68,78,1500000,4000,"RM, ST, LM","Right",4,4,"Medium/Low",2100000,"#Acrobat","RM",11,"","2017-08-25",2022,89,63,56,75,33,58,NA,NA,NA,NA,NA,NA,"Selfish, Crowd Favourite",52,63,55,60,59,74,58,43,51,72,89,89,91,61,87,65,95,67,54,61,46,17,67,57,54,63,34,35,29,14,13,8,10,7
"195",250882,"https://sofifa.com/player/250882/alberto-cayarga-fernandez/20/159586","Berto Cayarga",22,170,63,"Spain","Racing Santander",68,78,1400000,4000,"LM, RM","Right",4,4,"Medium/Low",2500000,"","RM",11,"","2018-08-07",2020,76,64,65,70,25,62,NA,NA,NA,NA,NA,NA,"Selfish, Crowd Favourite",65,62,31,65,70,69,74,72,55,68,78,75,77,69,73,67,46,65,70,63,42,34,63,66,65,72,22,20,24,10,15,9,10,15
"196",220045,"https://sofifa.com/player/220045/connor-mahoney/20/159586","C. Mahoney",22,175,67,"England","Millwall",68,77,1400000,5000,"RM, LM","Left",4,3,"Medium/Low",2900000,"","RM",21,"","2019-07-09",2024,75,61,63,72,38,47,NA,NA,NA,NA,NA,NA,"Crowd Favourite",73,63,35,59,48,75,62,55,53,69,73,76,74,60,75,63,42,63,44,64,37,40,55,68,49,55,34,40,38,10,12,10,7,10
"197",224062,"https://sofifa.com/player/224062/patryk-dziczek/20/159586","P. Dziczek",21,179,70,"Poland","Piast Gliwice",68,77,1300000,2000,"CDM","Right",2,2,"Medium/Medium",2000000,"","CM",10,"","2017-04-05",2020,63,47,60,65,63,73,NA,NA,NA,NA,NA,NA,"Finesse Shot",43,43,63,69,31,63,40,40,67,66,62,64,68,64,74,47,81,90,66,55,66,68,63,64,42,64,61,63,61,10,8,12,11,15
"198",225748,"https://sofifa.com/player/225748/todd-cantwell/20/159586","T. Cantwell",21,184,70,"England","Norwich City",68,77,1400000,13000,"LM, CAM","Right",2,3,"High/Medium",3100000,"","LM",14,"","2016-04-05",2022,70,61,65,72,36,46,NA,NA,NA,NA,NA,NA,"Selfish, Crowd Favourite",54,60,43,69,54,74,64,66,65,73,72,69,66,62,73,67,46,62,40,58,39,24,64,69,62,56,36,44,31,10,8,14,15,16
"199",228111,"https://sofifa.com/player/228111/ronan-curtis/20/159586","R. Curtis",23,182,77,"Republic of Ireland","Portsmouth",68,77,1400000,5000,"LM, LW, ST","Right",4,4,"High/High",2700000,"","LM",11,"","2018-06-09",2020,87,62,60,70,40,75,NA,NA,NA,NA,NA,NA,"Selfish, Early Crosser",63,64,53,59,55,70,60,55,53,69,84,89,82,60,62,58,73,84,67,64,83,38,58,64,53,64,30,45,43,10,14,12,14,8
"200",230079,"https://sofifa.com/player/230079/aldo-kalulu/20/159586","A. Kalulu",23,166,66,"France","Swansea City",68,77,1400000,10000,"RM, ST","Right",3,3,"High/Low",NA,"#Speedster, #Acrobat","LM",18,"FC Basel 1893","",2020,91,63,57,74,32,51,NA,NA,NA,NA,NA,NA,"",54,63,51,65,65,73,62,38,39,69,92,91,93,63,92,65,80,68,42,60,45,21,63,61,62,67,50,21,14,9,6,13,7,11
"201",234660,"https://sofifa.com/player/234660/jailson-marques-siqueira/20/159586","Jaílson",23,187,74,"Brazil","Fenerbahçe SK",68,77,1300000,17000,"CDM, CM","Right",3,2,"Medium/Medium",2700000,"","RDM",25,"","2018-09-03",2022,70,54,59,61,68,74,NA,NA,NA,NA,NA,NA,"",51,50,63,69,45,60,41,46,59,62,73,68,65,64,54,67,80,72,75,52,71,65,60,58,45,58,65,75,63,9,7,11,13,8
"202",237203,"https://sofifa.com/player/237203/cristhian-paredes/20/159586","C. Paredes",21,183,70,"Paraguay","Portland Timbers",68,77,1300000,2000,"CDM, CM","Right",3,2,"High/High",NA,"","RDM",22,"Club América","",2019,69,62,66,64,64,67,NA,NA,NA,NA,NA,NA,"Beat Offside Trap",56,62,68,73,48,62,54,54,68,64,68,70,68,69,64,69,57,72,63,59,71,62,58,68,63,64,64,65,65,9,6,12,6,6
"203",252064,"https://sofifa.com/player/252064/ladislav-krejci/20/159586","L. Krejčí",20,187,84,"Czech Republic","Sparta Praha",68,77,1300000,1000,"CDM, CM","Left",3,2,"Medium/High",3100000,"","CDM",37,"","2019-07-02",2023,64,56,62,64,66,72,NA,NA,NA,NA,NA,NA,"",51,53,67,68,51,64,55,51,63,66,63,65,60,64,61,58,61,68,77,63,68,66,51,67,50,64,62,69,67,9,5,6,14,6
"204",234901,"https://sofifa.com/player/234901/nicklas-shipnoski/20/159586","N. Shipnoski",21,184,73,"Germany","SV Wehen Wiesbaden",68,76,1300000,5000,"RM, LM","Right",3,3,"Medium/Medium",2300000,"","RM",11,"","2018-07-01",2020,87,57,58,72,25,48,NA,NA,NA,NA,NA,NA,"",59,56,35,64,55,73,53,35,49,69,87,87,78,64,76,60,53,69,43,54,34,25,60,58,56,49,21,24,30,12,15,10,6,13
"205",237997,"https://sofifa.com/player/237997/uriel-antuna/20/159586","U. Antuna",21,174,59,"Mexico","LA Galaxy",68,76,1300000,3000,"LM, RM","Right",3,3,"Medium/Medium",NA,"#Acrobat","LM",18,"Manchester City","",2019,87,55,60,72,31,48,NA,NA,NA,NA,NA,NA,"Early Crosser",63,58,46,64,48,71,54,48,55,68,89,86,90,59,74,60,55,74,35,45,45,35,59,59,45,60,24,31,32,10,13,14,9,11
"206",239356,"https://sofifa.com/player/239356/azor-matusiwa/20/159586","A. Matusiwa",21,173,72,"Netherlands","FC Groningen",68,76,1200000,3000,"CDM, CM","Right",2,3,"Medium/High",2000000,"","RDM",6,"","2019-07-01",2023,66,45,55,70,67,78,NA,NA,NA,NA,NA,NA,"Injury Prone",49,38,58,64,42,72,44,41,58,68,69,64,65,66,73,58,86,80,75,47,83,70,53,50,50,64,65,70,66,6,9,13,11,12
"207",211595,"https://sofifa.com/player/211595/george-evans/20/159586","G. Evans",24,184,76,"England","Derby County",68,75,1100000,9000,"CDM","Right",3,2,"Medium/Medium",2400000,"","LDM",17,"","2018-07-31",2021,65,65,64,62,66,67,NA,NA,NA,NA,NA,NA,"Leadership",61,65,63,66,56,60,64,55,72,65,64,65,65,67,60,69,64,69,67,67,64,69,67,59,48,62,65,66,62,10,9,15,13,14
"208",212192,"https://sofifa.com/player/212192/julian-green/20/159586","J. Green",24,173,70,"United States","SpVgg Greuther Fürth",68,75,1300000,4000,"CAM, LM, ST","Right",4,3,"Medium/Low",2200000,"","LM",37,"","2018-06-17",2020,77,66,62,74,27,52,NA,NA,NA,NA,NA,NA,"Crowd Favourite",69,68,55,66,69,75,58,53,51,69,78,77,82,65,80,63,65,71,49,63,31,16,66,59,60,60,29,25,24,14,9,8,10,12
"209",213801,"https://sofifa.com/player/213801/ruben-alexandre-gomes-oliveira/20/159586","Rúben Oliveira",24,170,68,"Portugal","CD Aves",68,75,1300000,5000,"CAM, CM","Right",3,3,"High/Low",NA,"","LCM",7,"Vitória Guimarães","",2020,74,59,65,71,49,50,NA,NA,NA,NA,NA,NA,"Finesse Shot",55,55,42,70,49,71,61,55,67,70,76,72,76,61,84,70,64,52,41,60,66,58,58,68,58,56,40,55,49,11,12,13,10,10
"210",225310,"https://sofifa.com/player/225310/ben-thompson/20/159586","B. Thompson",23,171,78,"England","Millwall",68,75,1200000,5000,"CM, CAM","Right",3,3,"High/High",2600000,"","RDM",8,"","2014-07-01",2022,69,56,64,70,66,75,NA,NA,NA,NA,NA,NA,"Injury Prone",58,50,61,69,38,68,53,37,68,68,71,68,84,70,69,70,93,79,72,60,75,66,58,66,45,69,64,67,71,11,11,6,7,11
"211",225847,"https://sofifa.com/player/225847/stevie-mallan/20/159586","S. Mallan",23,178,69,"Scotland","Hibernian",68,75,1200000,3000,"CM, CDM, RM","Right",3,3,"High/Medium",2400000,"","LDM",14,"","2018-07-06",2022,67,65,67,70,57,64,NA,NA,NA,NA,NA,NA,"Selfish, Leadership, Argues with Officials, Finesse Shot",62,62,54,67,59,70,72,74,71,72,66,68,73,57,73,72,69,68,64,73,58,56,63,68,42,65,58,59,56,8,7,6,11,8
"212",231406,"https://sofifa.com/player/231406/kyle-edwards/20/159586","K. Edwards",21,172,64,"England","West Bromwich Albion",68,75,1300000,12000,"LM, RM","Right",3,4,"Medium/Medium",2700000,"","LM",21,"","2015-09-23",2020,79,55,63,75,37,56,NA,NA,NA,NA,NA,NA,"Selfish, Crowd Favourite",64,54,45,62,48,75,69,60,59,75,77,81,80,61,79,64,66,66,52,50,50,35,58,65,55,68,29,41,40,10,6,5,9,11
"213",239096,"https://sofifa.com/player/239096/atakan-karazor/20/159586","A. Karazor",22,190,80,"Germany","VfB Stuttgart",68,75,1100000,8000,"CDM","Right",3,3,"Medium/High",2100000,"","CDM",16,"","2019-07-01",2023,50,36,56,61,68,72,NA,NA,NA,NA,NA,NA,"Injury Prone",39,35,68,67,27,60,42,31,63,65,50,50,64,58,43,47,55,74,72,29,73,66,34,57,38,54,70,70,63,12,10,6,11,5
"214",245155,"https://sofifa.com/player/245155/mohammed-kudus/20/159586","M. Kudus",18,175,70,"Ghana","FC Nordsjælland",67,83,1600000,2000,"CM, ST, CF","Left",3,4,"High/Medium",2900000,"#Acrobat","RCM",10,"","2018-08-02",2021,85,58,63,77,49,69,NA,NA,NA,NA,NA,NA,"Selfish, Early Crosser, Crowd Favourite",59,61,56,68,48,75,59,38,65,77,86,84,90,62,86,59,70,72,67,55,70,49,65,65,50,72,50,49,41,6,12,7,7,10
"215",233727,"https://sofifa.com/player/233727/connor-mclennan/20/159586","C. McLennan",19,182,69,"Scotland","Aberdeen",67,80,1400000,2000,"RM, LM","Right",3,3,"Medium/Medium",3400000,"","RM",18,"","2015-07-01",2021,75,60,60,68,22,61,NA,NA,NA,NA,NA,NA,"",65,62,49,63,59,69,39,32,57,67,72,78,61,60,76,60,66,65,69,57,33,19,60,64,62,64,16,22,20,6,15,7,8,5
"216",233315,"https://sofifa.com/player/233315/sean-clare/20/159586","S. Clare",22,190,79,"England","Heart of Midlothian",67,78,1300000,3000,"CAM, CM, RM","Right",3,3,"Medium/Low",2500000,"","LCM",8,"","2018-09-16",2021,72,63,65,65,44,62,NA,NA,NA,NA,NA,NA,"Selfish, Crowd Favourite",60,62,67,67,54,65,65,50,65,70,73,72,68,53,39,63,66,60,67,63,50,37,66,71,75,51,36,46,50,6,5,8,10,10
"217",236938,"https://sofifa.com/player/236938/mallik-wilks/20/159586","M. Wilks",20,183,71,"England","Barnsley",67,78,1300000,4000,"RM, LM","Left",3,3,"High/Medium",2700000,"","LM",36,"","2019-07-05",2023,83,63,54,70,21,67,NA,NA,NA,NA,NA,NA,"Injury Free, Selfish",57,64,45,58,52,72,48,32,41,66,85,81,73,63,76,65,57,72,65,64,67,14,65,60,56,60,22,18,17,14,11,5,9,9
"218",237840,"https://sofifa.com/player/237840/magnus-kofod-andersen/20/159586","M. Andersen",20,176,72,"Denmark","FC Nordsjælland",67,78,1300000,3000,"CM","Right",3,3,"Medium/Medium",1900000,"","LCM",8,"","2017-02-17",2022,71,53,64,69,52,61,NA,NA,NA,NA,NA,NA,"Finesse Shot",49,54,45,72,42,67,58,43,67,71,75,67,77,61,78,56,67,69,62,53,47,51,60,70,45,71,58,52,45,12,10,11,9,6
"219",241741,"https://sofifa.com/player/241741/anas-ouahim/20/159586","A. Ouahim",21,175,68,"Morocco","VfL Osnabrück",67,78,1300000,4000,"RM, CAM, LM","Right",3,3,"High/Medium",2300000,"","LM",10,"","2018-07-01",2020,77,56,61,72,36,52,NA,NA,NA,NA,NA,NA,"Crowd Favourite",58,57,48,66,56,71,64,59,56,69,79,75,83,67,87,61,57,72,44,48,46,29,57,59,56,65,34,35,48,13,13,12,9,13
"220",245158,"https://sofifa.com/player/245158/luis-javier-suarez/20/159586","L. Suárez",21,185,74,"Colombia","Real Zaragoza",67,78,1300000,3000,"ST, LM","Right",4,3,"High/Medium",NA,"","LM",26,"Watford","",2020,83,66,60,67,33,70,NA,NA,NA,NA,NA,NA,"",70,65,62,58,63,68,70,60,51,64,82,83,71,60,67,69,59,68,71,66,72,31,66,57,73,58,26,33,28,6,8,13,11,6
"221",233487,"https://sofifa.com/player/233487/riley-mcgree/20/159586","R. McGree",20,178,72,"Australia","Adelaide United",67,77,1200000,1000,"CM, RM, CAM","Left",3,3,"Medium/Medium",1800000,"","LCM",8,"","2019-07-24",2022,79,62,65,71,56,67,NA,NA,NA,NA,NA,NA,"Crowd Favourite",62,63,48,66,58,70,65,55,64,69,79,79,80,62,75,64,58,75,63,58,68,60,68,68,61,70,57,57,52,12,9,5,8,13
"222",235059,"https://sofifa.com/player/235059/luke-thomas/20/159586","L. Thomas",20,168,66,"England","Barnsley",67,77,1200000,4000,"RM","Left",2,3,"Medium/High",2500000,"","RM",16,"","2019-06-13",2023,82,52,58,71,35,59,NA,NA,NA,NA,NA,NA,"",64,52,45,56,38,71,58,59,49,67,81,83,79,62,83,50,69,68,49,53,70,33,68,61,55,59,47,24,22,5,14,12,7,8
"223",239028,"https://sofifa.com/player/239028/aboubakary-koita/20/159586","A. Koita",20,173,73,"Belgium","Waasland-Beveren",67,77,1200000,3000,"LM, RM","Right",4,3,"Medium/Low",2000000,"","RM",17,"","2019-07-19",2023,84,57,61,73,36,53,NA,NA,NA,NA,NA,NA,"Argues with Officials, Early Crosser, Crowd Favourite",62,57,32,61,54,73,59,57,60,68,87,81,88,58,82,61,79,52,54,56,47,29,58,60,46,61,42,36,39,14,8,8,14,6
"224",239350,"https://sofifa.com/player/239350/siriki-dembele/20/159586","S. Dembele",22,173,67,"Scotland","Peterborough United",67,77,1200000,4000,"LM, RM","Right",3,4,"High/Medium",2400000,"","LM",10,"","2018-06-22",2021,83,54,61,69,30,44,NA,NA,NA,NA,NA,NA,"Early Crosser",65,58,36,61,37,69,48,55,54,68,85,82,71,53,88,56,35,59,42,45,33,30,58,68,53,56,19,38,32,6,10,12,8,11
"225",242490,"https://sofifa.com/player/242490/sebastian-gomez/20/159586","S. Gómez",23,172,72,"Colombia","Atlético Nacional",67,77,1100000,2000,"CDM, CM","Left",3,3,"Medium/Medium",1800000,"","LDM",27,"","2019-01-16",2022,59,57,59,65,63,68,NA,NA,NA,NA,NA,NA,"",40,51,43,72,34,63,38,38,66,66,62,56,66,62,70,68,67,79,65,69,60,60,52,58,54,63,71,65,59,11,8,14,13,6
"226",243011,"https://sofifa.com/player/243011/sebastian-guzman/20/159586","S. Guzmán",22,177,57,"Colombia","Once Caldas",67,77,1100000,1000,"CDM","Right",3,2,"Medium/Medium",1800000,"","RDM",32,"","2018-01-01",2022,69,47,63,63,62,69,NA,NA,NA,NA,NA,NA,"Beat Offside Trap",53,30,46,69,37,58,50,32,65,69,68,70,66,66,68,63,64,74,70,66,62,62,56,72,59,66,64,67,58,9,6,11,12,12
"227",220693,"https://sofifa.com/player/220693/joao-afonso-crispim/20/159586","João Afonso",24,181,81,"Brazil","Gil Vicente FC",67,76,1100000,3000,"CDM, CM","Right",3,2,"Medium/Medium",2400000,"","LCM",6,"","2019-07-01",2020,63,45,56,63,67,71,NA,NA,NA,NA,NA,NA,"",46,36,66,67,42,62,41,46,57,65,63,63,56,73,60,59,73,78,68,49,69,65,54,50,55,56,67,68,64,9,6,10,14,7
"228",220940,"https://sofifa.com/player/220940/cameron-brannagan/20/159586","C. Brannagan",23,180,71,"England","Oxford United",67,76,1200000,4000,"CM, CDM","Right",3,2,"High/Medium",2300000,"","LDM",8,"","2018-01-11",2021,63,62,69,64,61,67,NA,NA,NA,NA,NA,NA,"",67,58,53,70,52,63,70,73,67,63,62,64,69,63,67,74,62,68,63,65,75,61,61,68,53,65,58,65,64,12,7,8,8,12
"229",221908,"https://sofifa.com/player/221908/lewis-morgan/20/159586","L. Morgan",22,178,75,"Scotland","Celtic",67,76,1200000,14000,"LM, RM","Right",5,3,"Medium/Medium",2300000,"","LM",16,"","2018-01-05",2022,83,64,61,70,32,55,NA,NA,NA,NA,NA,NA,"Crowd Favourite",61,63,41,60,47,72,60,67,56,66,86,81,85,49,67,66,51,68,53,70,46,26,63,65,51,59,30,35,32,14,6,8,7,13
"230",232985,"https://sofifa.com/player/232985/takahiro-kunimoto/20/159586","T. Kunimoto",21,174,70,"Japan","Gyeongnam FC",67,76,1200000,2000,"CM, LM, ST","Left",3,3,"Medium/Medium",1700000,"","LM",22,"","2018-01-05",2022,79,60,67,70,42,69,NA,NA,NA,NA,NA,NA,"",59,58,46,72,58,71,55,50,70,70,83,76,69,58,71,67,70,65,75,58,57,47,59,70,63,66,28,49,46,6,12,11,9,8
"231",233705,"https://sofifa.com/player/233705/jacob-lungi-sorensen/20/159586","J. Sørensen",21,184,77,"Denmark","Esbjerg fB",67,76,1200000,4000,"CM","Right",3,3,"High/High",1700000,"","RCM",38,"","2016-01-01",2021,66,55,61,67,63,70,NA,NA,NA,NA,NA,NA,"",50,55,60,68,64,65,63,42,63,68,66,66,73,68,67,57,69,85,67,50,57,64,64,63,42,64,62,66,61,14,9,14,11,6
"232",235521,"https://sofifa.com/player/235521/alex-carbonell-valles/20/159586","Carbonell",21,182,76,"Spain","Fortuna Sittard",67,76,1200000,3000,"CM, CDM, RM","Right",3,3,"Medium/Medium",NA,"","RCM",8,"Valencia CF","",2020,65,63,64,70,61,57,NA,NA,NA,NA,NA,NA,"",59,66,57,69,49,69,59,51,67,71,66,65,75,63,76,62,56,64,57,66,48,62,63,64,49,54,61,62,55,5,5,12,12,14
"233",240040,"https://sofifa.com/player/240040/carlo-holse/20/159586","C. Holse",20,175,68,"Denmark","FC København",67,76,1200000,5000,"RM, ST","Left",3,3,"High/Medium",1800000,"","RM",26,"","2016-03-01",2022,82,59,61,70,31,56,NA,NA,NA,NA,NA,NA,"",60,59,35,62,55,69,64,62,58,67,84,80,83,58,78,59,81,70,51,59,46,25,61,60,51,54,41,25,22,6,8,10,12,6
"234",216483,"https://sofifa.com/player/216483/tariqe-fosu/20/159586","T. Fosu",23,170,67,"England","Oxford United",67,75,1100000,4000,"CAM, LM, RM","Right",3,4,"Medium/Low",2200000,"","LM",11,"","2019-07-01",2022,85,61,58,71,36,49,NA,NA,NA,NA,NA,NA,"Injury Free, Selfish, Crowd Favourite",60,64,39,59,44,70,49,47,53,68,87,84,82,66,74,60,52,64,42,62,45,33,64,61,57,65,51,26,22,11,13,9,12,7
"235",225853,"https://sofifa.com/player/225853/rayan-raveloson/20/159586","R. Raveloson",22,182,73,"Madagascar","ESTAC Troyes",67,75,1000000,3000,"CDM, CM","Right",2,2,"Medium/Medium",2000000,"","LCM",15,"","2018-07-01",2021,73,58,64,69,64,67,NA,NA,NA,NA,NA,NA,"",57,53,62,72,57,67,46,41,65,70,75,72,76,61,68,68,56,72,69,62,60,65,53,64,54,69,64,64,67,8,12,8,15,12
"236",228151,"https://sofifa.com/player/228151/josh-cullen/20/159586","J. Cullen",23,175,70,"Republic of Ireland","Charlton Athletic",67,75,1100000,5000,"CM, CDM","Right",3,3,"High/High",NA,"","RDM",24,"West Ham United","",2020,68,50,63,69,57,64,NA,NA,NA,NA,NA,NA,"Argues with Officials",51,44,50,71,48,68,59,53,64,70,71,66,71,66,77,56,55,75,54,55,76,55,56,66,58,68,55,62,60,9,12,15,11,9
"237",235670,"https://sofifa.com/player/235670/ramon-pascal-lundqvist/20/159586","R. Lundqvist",22,178,74,"Sweden","FC Groningen",67,75,1100000,3000,"CM, CAM","Right",3,3,"Medium/Medium",1800000,"","LDM",10,"","2019-07-01",2023,73,60,66,70,55,60,NA,NA,NA,NA,NA,NA,"Finesse Shot",69,59,45,64,52,69,70,64,65,72,74,73,71,63,68,63,50,72,64,61,38,63,59,69,55,64,52,60,45,6,7,14,6,9
"238",241093,"https://sofifa.com/player/241093/samuel-oum-gouet/20/159586","S. Oum Gouet",21,185,76,"Cameroon","SCR Altach",67,75,1000000,3000,"CDM, CM","Right",3,2,"Medium/High",1700000,"","RDM",4,"","2017-08-31",2022,66,52,60,62,65,75,NA,NA,NA,NA,NA,NA,"",53,45,64,68,41,59,55,43,58,65,69,64,60,69,67,70,67,72,79,56,72,65,47,59,41,65,61,70,58,10,9,5,15,10
"239",243015,"https://sofifa.com/player/243015/luis-romo/20/159586","L. Romo",24,182,84,"Mexico","Querétaro",67,75,1000000,3000,"CB","Right",3,2,"Medium/Medium",1900000,"","RDM",3,"","2018-01-01",2022,67,29,37,42,67,70,NA,NA,NA,NA,NA,NA,"Long Passer (CPU AI Only)",27,25,71,50,29,34,28,31,35,51,68,66,38,59,54,44,73,63,77,21,60,62,27,30,46,60,64,72,68,11,9,13,9,12
"240",252139,"https://sofifa.com/player/252139/filipe-miguel-barros-soares/20/159586","Filipe Soares",20,180,72,"Portugal","Moreirense FC",67,75,1100000,3000,"CM, CAM","Right",3,2,"Medium/Medium",2600000,"","LCM",21,"","2019-07-24",2024,66,60,64,68,51,63,NA,NA,NA,NA,NA,NA,"",50,54,51,70,61,67,67,53,66,70,67,65,62,69,67,77,54,74,65,59,45,58,65,67,53,64,51,49,38,12,14,13,13,11
"241",205291,"https://sofifa.com/player/205291/herman-sorby-stengel/20/159586","H. Stengel",23,180,74,"Norway","Strømsgodset IF",67,74,1100000,2000,"CM, CDM","Right",4,3,"Medium/Medium",1500000,"","LCM",7,"","2018-01-01",2020,59,60,67,68,57,71,NA,NA,NA,NA,NA,NA,"Leadership",64,55,45,68,47,67,70,70,64,68,68,52,72,66,75,68,57,78,69,64,72,64,62,67,65,68,55,62,47,15,9,10,13,13
"242",208302,"https://sofifa.com/player/208302/alex-gilbey/20/159586","A. Gilbey",24,183,73,"England","Milton Keynes Dons",67,74,1100000,4000,"CM","Right",3,3,"High/High",2100000,"#Engine","RCM",8,"","2017-08-31",2020,76,60,62,66,62,78,NA,NA,NA,NA,NA,NA,"Injury Prone, Argues with Officials, Finesse Shot",51,54,64,68,57,64,57,56,66,63,74,78,79,59,76,70,84,89,79,67,59,63,59,64,56,61,57,66,64,13,14,14,10,7
"243",214877,"https://sofifa.com/player/214877/henrik-bjordal/20/159586","H. Bjørdal",22,188,87,"Norway","SV Zulte-Waregem",67,74,1100000,5000,"CAM, RM, LM","Right",3,3,"Medium/Medium",1800000,"#Strength","RM",20,"","2018-06-21",2021,70,60,67,67,49,75,NA,NA,NA,NA,NA,NA,"",74,61,58,68,56,68,58,45,65,68,65,74,68,61,51,63,71,69,86,60,58,50,61,67,48,67,37,57,53,8,14,12,8,11
"244",221336,"https://sofifa.com/player/221336/lyes-houri/20/159586","L. Houri",23,166,61,"France","FC Viitorul",67,74,1100000,3000,"CM","Right",3,3,"Medium/Medium",1600000,"","LCM",19,"","2015-02-02",2022,66,56,68,70,54,44,NA,NA,NA,NA,NA,NA,"",61,47,55,71,63,67,69,68,68,68,68,65,75,71,91,66,57,66,31,58,46,50,65,68,69,63,62,50,53,9,7,8,8,12
"245",231886,"https://sofifa.com/player/231886/alex-muyl/20/159586","A. Muyl",23,180,79,"United States","New York Red Bulls",67,74,1100000,3000,"RM, LM","Right",2,3,"High/High",1800000,"#Engine","RM",19,"","2015-12-22",2020,77,57,58,67,65,80,NA,NA,NA,NA,NA,NA,"Injury Prone",65,57,70,63,43,66,58,30,55,67,77,77,77,62,66,65,80,87,76,49,80,65,66,51,53,53,71,62,54,9,13,11,12,6
"246",243716,"https://sofifa.com/player/243716/silvester-van-der-water/20/159586","S. van der Water",22,181,70,"Netherlands","Heracles Almelo",67,74,1100000,3000,"RM","Left",3,3,"High/Medium",1800000,"","RM",11,"","2018-07-01",2021,81,67,56,72,31,59,NA,NA,NA,NA,NA,NA,"",58,68,50,58,56,73,67,43,52,70,78,84,78,62,63,72,46,67,58,63,55,24,63,54,67,54,28,32,35,8,9,10,14,6
"247",246834,"https://sofifa.com/player/246834/ruben-daniel-fonseca-macedo/20/159586","Rúben Macedo",23,171,63,"Portugal","CD Aves",67,74,1100000,4000,"RM, LM","Right",3,3,"High/Medium",2400000,"","RM",27,"","2019-07-04",2022,73,64,62,73,26,55,NA,NA,NA,NA,NA,NA,"Crowd Favourite",64,61,31,63,52,72,73,63,54,70,75,72,83,62,85,70,70,66,52,67,46,20,64,62,68,70,32,25,21,6,11,14,8,13
